{
	"info": {
		"_postman_id": "86b06549-a0c8-4f08-b938-3017d8825ff2",
		"name": "hw4-skeleton-collection",
		"schema": "https://schema.getpostman.com/json/collection/v2.1.0/collection.json"
	},
	"item": [
		{
			"name": "add boat",
			"event": [
				{
					"listen": "test",
					"script": {
						"exec": [
							"//Set boat id environment variable from response",
							"pm.environment.set(\"boat_id\", pm.response.json()[\"id\"]);",
							"",
							"pm.test(\"201 status code\", function () {",
							"    pm.response.to.have.status(201);",
							"});",
							"",
							"",
							"pm.test(\"content is valid\", function () {",
							"   //Check if the response content is valid and matches the expected values",
							"   //Check if the self url is correct",
							"    pm.expect(pm.response.json()[\"name\"]).to.eq(\"Sea Witch\");",
							"    pm.expect(pm.response.json()[\"type\"]).to.eq(\"Catamaran\");",
							"    pm.expect(pm.response.json()[\"length\"]).to.eq(28);",
							"    const self_url = pm.environment.get(\"app_url\") + \"/boats/\" + pm.response.json()[\"id\"];",
							"    pm.expect(pm.response.json()[\"self\"]).to.eq(self_url);",
							"});",
							"",
							""
						],
						"type": "text/javascript"
					}
				}
			],
			"request": {
				"method": "POST",
				"header": [
					{
						"key": "Content-Type",
						"type": "text",
						"value": "application/json"
					}
				],
				"body": {
					"mode": "raw",
					"raw": "{\n  \"name\": \"Sea Witch\",\n  \"type\": \"Catamaran\",\n  \"length\": 28\n}"
				},
				"url": {
					"raw": "{{app_url}}/boats",
					"host": [
						"{{app_url}}"
					],
					"path": [
						"boats"
					]
				}
			},
			"response": []
		},
		{
			"name": "add boat with missing attributes",
			"event": [
				{
					"listen": "test",
					"script": {
						"exec": [
							"pm.test(\"400 status code\", function () {",
							"    pm.response.to.have.status(400);",
							"});",
							"",
							"pm.test(\"400 error message\", function () {",
							"    pm.expect(pm.response.json()[\"Error\"]).to.eq(\"The request object is missing at least one of the required attributes\");",
							"});",
							"",
							""
						],
						"type": "text/javascript"
					}
				}
			],
			"request": {
				"method": "POST",
				"header": [
					{
						"key": "Content-Type",
						"type": "text",
						"value": "application/json"
					}
				],
				"body": {
					"mode": "raw",
					"raw": "{\n    \"name\": \"Duck\",\n    \"length\": 14\n}"
				},
				"url": {
					"raw": "{{app_url}}/boats",
					"host": [
						"{{app_url}}"
					],
					"path": [
						"boats"
					]
				}
			},
			"response": []
		},
		{
			"name": "get boat (new boat, no loads)",
			"event": [
				{
					"listen": "test",
					"script": {
						"exec": [
							"pm.test(\"200 status code\", function () {",
							"    pm.response.to.have.status(200);",
							"});",
							"",
							"",
							"pm.test(\"content is valid\", function () {",
							"    pm.expect(pm.response.json()[\"name\"]).to.eq(\"Sea Witch\");",
							"    pm.expect(pm.response.json()[\"type\"]).to.eq(\"Catamaran\");",
							"    pm.expect(pm.response.json()[\"length\"]).to.eq(28);",
							"    pm.expect(pm.response.json()[\"id\"]).to.eq(parseInt(pm.environment.get(\"boat_id\")));",
							"    const self_url = pm.environment.get(\"app_url\") + \"/boats/\" + pm.response.json()[\"id\"];",
							"    pm.expect(pm.response.json()[\"self\"]).to.eq(self_url);",
							"});",
							""
						],
						"type": "text/javascript"
					}
				}
			],
			"request": {
				"method": "GET",
				"header": [],
				"url": {
					"raw": "{{app_url}}/boats/{{boat_id}}",
					"host": [
						"{{app_url}}"
					],
					"path": [
						"boats",
						"{{boat_id}}"
					]
				}
			},
			"response": []
		},
		{
			"name": "get boat with invalid id",
			"event": [
				{
					"listen": "test",
					"script": {
						"exec": [
							"pm.test(\"404 not found\", function () {",
							"    pm.response.to.have.status(404);",
							"});",
							"",
							"",
							"pm.test(\"404 error message\", function () {",
							"     pm.expect(pm.response.json()[\"Error\"]).to.eq(\"No boat with this boat_id exists\");",
							"});"
						],
						"type": "text/javascript"
					}
				}
			],
			"request": {
				"method": "GET",
				"header": [],
				"url": {
					"raw": "{{app_url}}/boats/{{invalid_boat_id}}",
					"host": [
						"{{app_url}}"
					],
					"path": [
						"boats",
						"{{invalid_boat_id}}"
					]
				}
			},
			"response": []
		},
		{
			"name": "add load",
			"event": [
				{
					"listen": "test",
					"script": {
						"exec": [
							"//Set appropriate environment variable for load id",
							"pm.environment.set(\"load_id\", pm.response.json()[\"id\"]);",
							"",
							"pm.test(\"201 status code\", function () {",
							"   pm.response.to.have.status(201);",
							"});",
							"",
							"",
							"pm.test(\"content is valid\", function () {",
							"    pm.expect(pm.response.json()[\"volume\"]).to.eq(5);",
							"    pm.expect(pm.response.json()[\"content\"]).to.eq(\"LEGO Blocks\");",
							"    pm.expect(pm.response.json()[\"creation_date\"]).to.eq(\"10/18/2020\");",
							"    const self_url = pm.environment.get(\"app_url\") + \"/loads/\" + pm.response.json()[\"id\"];",
							"    pm.expect(pm.response.json()[\"self\"]).to.eq(self_url);",
							"});",
							"",
							""
						],
						"type": "text/javascript"
					}
				}
			],
			"request": {
				"method": "POST",
				"header": [
					{
						"key": "Content-Type",
						"type": "text",
						"value": "application/json"
					}
				],
				"body": {
					"mode": "raw",
					"raw": "{\n    \"volume\": 5,\n    \"content\": \"LEGO Blocks\",\n    \"creation_date\": \"10/18/2020\"\n}"
				},
				"url": {
					"raw": "{{app_url}}/loads",
					"host": [
						"{{app_url}}"
					],
					"path": [
						"loads"
					]
				}
			},
			"response": []
		},
		{
			"name": "add load with missing attributes",
			"event": [
				{
					"listen": "test",
					"script": {
						"exec": [
							"pm.test(\"400 status code\", function () {",
							"    pm.response.to.have.status(400);",
							"});",
							"",
							"pm.test(\"400 error message\", function () {",
							"    pm.expect(pm.response.json()[\"Error\"]).to.eq(\"The request object is missing at least one of the required attributes\");",
							"});",
							"",
							""
						],
						"type": "text/javascript"
					}
				}
			],
			"request": {
				"method": "POST",
				"header": [
					{
						"key": "Content-Type",
						"type": "text",
						"value": "application/json"
					}
				],
				"body": {
					"mode": "raw",
					"raw": "{\n    \"volume\": 13,\n    \"content\": \"Intel CPUs\"\n}"
				},
				"url": {
					"raw": "{{app_url}}/loads",
					"host": [
						"{{app_url}}"
					],
					"path": [
						"loads"
					]
				}
			},
			"response": []
		},
		{
			"name": "get load (new load, no carrier)",
			"event": [
				{
					"listen": "test",
					"script": {
						"exec": [
							"pm.test(\"200 status code\", function () {",
							"    pm.response.to.have.status(200);",
							"});",
							"",
							"",
							"pm.test(\"content is valid\", function () {",
							"    pm.expect(pm.response.json()[\"content\"]).to.eq(\"LEGO Blocks\");",
							"    pm.expect(pm.response.json()[\"volume\"]).to.eq(5);",
							"    pm.expect(pm.response.json()[\"creation_date\"]).to.eq(\"10/18/2020\");",
							"    pm.expect(pm.response.json()[\"carrier\"]).to.eq(null);",
							"    const self_url = pm.environment.get(\"app_url\") + \"/loads/\" + pm.response.json()[\"id\"];",
							"    pm.expect(pm.response.json()[\"self\"]).to.eq(self_url);",
							"});",
							""
						],
						"type": "text/javascript"
					}
				}
			],
			"request": {
				"method": "GET",
				"header": [],
				"url": {
					"raw": "{{app_url}}/loads/{{load_id}}",
					"host": [
						"{{app_url}}"
					],
					"path": [
						"loads",
						"{{load_id}}"
					]
				}
			},
			"response": []
		},
		{
			"name": "get load with invalid id",
			"event": [
				{
					"listen": "test",
					"script": {
						"exec": [
							"pm.test(\"404 not found\", function () {",
							"    pm.response.to.have.status(404);",
							"});",
							"",
							"",
							"pm.test(\"404 error message\", function () {",
							"     pm.expect(pm.response.json()[\"Error\"]).to.eq(\"No load with this load_id exists\");",
							"});"
						],
						"type": "text/javascript"
					}
				}
			],
			"request": {
				"method": "GET",
				"header": [],
				"url": {
					"raw": "{{app_url}}/loads/{{invalid_load_id}}",
					"host": [
						"{{app_url}}"
					],
					"path": [
						"loads",
						"{{invalid_load_id}}"
					]
				}
			},
			"response": []
		},
		{
			"name": "assign load to boat",
			"event": [
				{
					"listen": "test",
					"script": {
						"exec": [
							"pm.test(\"204 status code\", function () {",
							"    pm.response.to.have.status(204);",
							"});"
						],
						"type": "text/javascript"
					}
				}
			],
			"request": {
				"method": "PUT",
				"header": [],
				"url": {
					"raw": "{{app_url}}/boats/{{boat_id}}/loads/{{load_id}}",
					"host": [
						"{{app_url}}"
					],
					"path": [
						"boats",
						"{{boat_id}}",
						"loads",
						"{{load_id}}"
					]
				}
			},
			"response": []
		},
		{
			"name": "assign load with invalid boat id",
			"event": [
				{
					"listen": "test",
					"script": {
						"exec": [
							"pm.test(\"404 status code\", function () {",
							"    pm.response.to.have.status(404);",
							"});",
							"",
							"",
							"pm.test(\"404 error message\", function () {",
							"     pm.expect(pm.response.json()[\"Error\"]).to.eq(\"The specified boat and/or load does not exist\" );",
							"});"
						],
						"type": "text/javascript"
					}
				}
			],
			"request": {
				"method": "PUT",
				"header": [],
				"url": {
					"raw": "{{app_url}}/boats/{{invalid_boat_id}}/loads/{{load_id}}",
					"host": [
						"{{app_url}}"
					],
					"path": [
						"boats",
						"{{invalid_boat_id}}",
						"loads",
						"{{load_id}}"
					]
				}
			},
			"response": []
		},
		{
			"name": "assign load with invalid load id",
			"event": [
				{
					"listen": "test",
					"script": {
						"exec": [
							"pm.test(\"404 status code\", function () {",
							"    pm.response.to.have.status(404);",
							"});",
							"",
							"",
							"pm.test(\"404 error message\", function () {",
							"     pm.expect(pm.response.json()[\"Error\"]).to.eq(\"The specified boat and/or load does not exist\" );",
							"});"
						],
						"type": "text/javascript"
					}
				}
			],
			"request": {
				"method": "PUT",
				"header": [],
				"url": {
					"raw": "{{app_url}}/boats/{{boat_id}}/loads/{{invalid_load_id}}",
					"host": [
						"{{app_url}}"
					],
					"path": [
						"boats",
						"{{boat_id}}",
						"loads",
						"{{invalid_load_id}}"
					]
				}
			},
			"response": []
		},
		{
			"name": "assign load with invalid boat id & invalid load id",
			"event": [
				{
					"listen": "test",
					"script": {
						"exec": [
							"pm.test(\"404 status code\", function () {",
							"    pm.response.to.have.status(404);",
							"});",
							"",
							"",
							"pm.test(\"404 error message\", function () {",
							"     pm.expect(pm.response.json()[\"Error\"]).to.eq(\"The specified boat and/or load does not exist\" );",
							"});"
						],
						"type": "text/javascript"
					}
				}
			],
			"request": {
				"method": "PUT",
				"header": [],
				"url": {
					"raw": "{{app_url}}/boats/{{invalid_boat_id}}/loads/{{invalid_load_id}}",
					"host": [
						"{{app_url}}"
					],
					"path": [
						"boats",
						"{{invalid_boat_id}}",
						"loads",
						"{{invalid_load_id}}"
					]
				}
			},
			"response": []
		},
		{
			"name": "load already assigned",
			"event": [
				{
					"listen": "test",
					"script": {
						"exec": [
							"pm.test(\"403 status code\", function () {",
							"    pm.response.to.have.status(403);",
							"});",
							"",
							"",
							"pm.test(\"403 error message\", function () {",
							"     pm.expect(pm.response.json()[\"Error\"]).to.eq(\"The load has already been assigned to a boat\" );",
							"});"
						],
						"type": "text/javascript"
					}
				}
			],
			"request": {
				"method": "PUT",
				"header": [],
				"url": {
					"raw": "{{app_url}}/boats/{{boat_id}}/loads/{{load_id}}",
					"host": [
						"{{app_url}}"
					],
					"path": [
						"boats",
						"{{boat_id}}",
						"loads",
						"{{load_id}}"
					]
				}
			},
			"response": []
		},
		{
			"name": "get boat after load assigned",
			"event": [
				{
					"listen": "test",
					"script": {
						"exec": [
							"pm.test(\"200 status code\", function () {",
							"    pm.response.to.have.status(200);",
							"});",
							"",
							"",
							"pm.test(\"content besides loads is valid\", function () {",
							"    //Check for boat content is valid",
							"    pm.expect(pm.response.json()[\"name\"]).to.eq(\"Sea Witch\");",
							"    pm.expect(pm.response.json()[\"type\"]).to.eq(\"Catamaran\");",
							"    pm.expect(pm.response.json()[\"length\"]).to.eq(28);",
							"    const self_url = pm.environment.get(\"app_url\") + \"/boats/\" + pm.response.json()[\"id\"];",
							"    pm.expect(pm.response.json()[\"self\"]).to.eq(self_url);",
							"});",
							"",
							"pm.test(\"loads content is valid\", function () {",
							"   //Check if load content is valid",
							"   pm.expect(pm.response.json()[\"loads\"][0][\"id\"]).to.eq(pm.environment.get(\"load_id\"));",
							"   const load_self_url = pm.environment.get(\"app_url\") + \"/loads/\" + pm.environment.get(\"load_id\");",
							"   pm.expect(pm.response.json()[\"loads\"][0][\"self\"]).to.eq(load_self_url);",
							"});",
							"",
							""
						],
						"type": "text/javascript"
					}
				}
			],
			"request": {
				"method": "GET",
				"header": [],
				"url": {
					"raw": "{{app_url}}/boats/{{boat_id}}",
					"host": [
						"{{app_url}}"
					],
					"path": [
						"boats",
						"{{boat_id}}"
					]
				}
			},
			"response": []
		},
		{
			"name": "get load after assigned to boat",
			"event": [
				{
					"listen": "test",
					"script": {
						"exec": [
							"pm.test(\"200 status code\", function () {",
							"    pm.response.to.have.status(200);",
							"});",
							"",
							"",
							"pm.test(\"content besides carrier is valid\", function () {",
							"    //Check for boat content is valid",
							"    pm.expect(pm.response.json()[\"volume\"]).to.eq(5);",
							"    pm.expect(pm.response.json()[\"creation_date\"]).to.eq('10/18/2020');",
							"    pm.expect(pm.response.json()[\"content\"]).to.eq(\"LEGO Blocks\");",
							"    pm.expect(pm.response.json()[\"id\"]).to.eq(parseInt(pm.environment.get(\"load_id\")));",
							"    const self_url = pm.environment.get(\"app_url\") + \"/loads/\" + pm.response.json()[\"id\"];",
							"    pm.expect(pm.response.json()[\"self\"]).to.eq(self_url);",
							"});",
							"",
							"pm.test(\"carrier content is valid\", function () {",
							"   //Check if load content is valid",
							"   pm.expect(pm.response.json()[\"carrier\"][\"id\"]).to.eq(parseInt(pm.environment.get(\"boat_id\")));",
							"   const boat_self_url = pm.environment.get(\"app_url\") + \"/boats/\" + pm.environment.get(\"boat_id\");",
							"   pm.expect(pm.response.json()[\"carrier\"][\"self\"]).to.eq(boat_self_url);",
							"});"
						],
						"type": "text/javascript"
					}
				}
			],
			"request": {
				"method": "GET",
				"header": [],
				"url": {
					"raw": "{{app_url}}/loads/{{load_id}}",
					"host": [
						"{{app_url}}"
					],
					"path": [
						"loads",
						"{{load_id}}"
					]
				}
			},
			"response": []
		},
		{
			"name": "remove load from boat",
			"event": [
				{
					"listen": "test",
					"script": {
						"exec": [
							"pm.test(\"204 status code\", function () {",
							"    pm.response.to.have.status(204);",
							"});"
						],
						"type": "text/javascript"
					}
				}
			],
			"request": {
				"method": "DELETE",
				"header": [],
				"url": {
					"raw": "{{app_url}}/boats/{{boat_id}}/loads/{{load_id}}",
					"host": [
						"{{app_url}}"
					],
					"path": [
						"boats",
						"{{boat_id}}",
						"loads",
						"{{load_id}}"
					]
				}
			},
			"response": []
		},
		{
			"name": "get load after removed from boat",
			"event": [
				{
					"listen": "test",
					"script": {
						"exec": [
							"pm.test(\"200 status code\", function () {",
							"    pm.response.to.have.status(200);",
							"});",
							"",
							"",
							"pm.test(\"content is valid\", function () {",
							"    pm.expect(pm.response.json()[\"volume\"]).to.eq(5);",
							"    pm.expect(pm.response.json()[\"content\"]).to.eq(\"LEGO Blocks\");",
							"    pm.expect(pm.response.json()[\"creation_date\"]).to.eq(\"10/18/2020\");",
							"    const self_url = pm.environment.get(\"app_url\") + \"/loads/\" + pm.response.json()[\"id\"];",
							"    pm.expect(pm.response.json()[\"self\"]).to.eq(self_url);",
							"    pm.expect(pm.response.json()[\"carrier\"]).to.eq(null);",
							"});",
							""
						],
						"type": "text/javascript"
					}
				}
			],
			"request": {
				"method": "GET",
				"header": [],
				"url": {
					"raw": "{{app_url}}/loads/{{load_id}}",
					"host": [
						"{{app_url}}"
					],
					"path": [
						"loads",
						"{{load_id}}"
					]
				}
			},
			"response": []
		},
		{
			"name": "get boat after load removed",
			"event": [
				{
					"listen": "test",
					"script": {
						"exec": [
							"pm.test(\"200 status code\", function () {",
							"    pm.response.to.have.status(200);",
							"});",
							"",
							"",
							"pm.test(\"content is valid\", function () {",
							"    pm.expect(pm.response.json()[\"name\"]).to.eq(\"Sea Witch\");",
							"    pm.expect(pm.response.json()[\"type\"]).to.eq(\"Catamaran\");",
							"    pm.expect(pm.response.json()[\"length\"]).to.eq(28);",
							"    const self_url = pm.environment.get(\"app_url\") + \"/boats/\" + pm.response.json()[\"id\"];",
							"    pm.expect(pm.response.json()[\"self\"]).to.eq(self_url);",
							"});",
							""
						],
						"type": "text/javascript"
					}
				}
			],
			"request": {
				"method": "GET",
				"header": [],
				"url": {
					"raw": "{{app_url}}/boats/{{boat_id}}",
					"host": [
						"{{app_url}}"
					],
					"path": [
						"boats",
						"{{boat_id}}"
					]
				}
			},
			"response": []
		},
		{
			"name": "remove load - load not on this boat",
			"event": [
				{
					"listen": "test",
					"script": {
						"exec": [
							"pm.test(\"403 status code\", function () {",
							"    //Check for appropriate 4XX status code",
							"    pm.response.to.have.status(403);",
							"});",
							"",
							"",
							"pm.test(\"403 error message\", function () {",
							"    pm.expect(pm.response.json()[\"Error\"]).to.eq(\"Load is not on this boat\");",
							"});",
							"",
							"",
							""
						],
						"type": "text/javascript"
					}
				}
			],
			"request": {
				"method": "DELETE",
				"header": [],
				"url": {
					"raw": "{{app_url}}/boats/{{boat_id}}/loads/{{load_id}}",
					"host": [
						"{{app_url}}"
					],
					"path": [
						"boats",
						"{{boat_id}}",
						"loads",
						"{{load_id}}"
					]
				}
			},
			"response": []
		},
		{
			"name": "remove load with invalid boat id",
			"event": [
				{
					"listen": "test",
					"script": {
						"exec": [
							"pm.test(\"403 status code\", function () {",
							"    //Check for appropriate status 4XX code",
							"    pm.response.to.have.status(404);",
							"});",
							"",
							"",
							"pm.test(\"404 error message\", function () {",
							"     //Check for appropriate error message",
							"     pm.expect(pm.response.json()[\"Error\"]).to.eq(\"Boat or/and load is not existed\");",
							"});",
							"",
							"",
							""
						],
						"type": "text/javascript"
					}
				}
			],
			"request": {
				"method": "DELETE",
				"header": [],
				"url": {
					"raw": "{{app_url}}/boats/{{invalid_boat_id}}/loads/{{load_id}}",
					"host": [
						"{{app_url}}"
					],
					"path": [
						"boats",
						"{{invalid_boat_id}}",
						"loads",
						"{{load_id}}"
					]
				}
			},
			"response": []
		},
		{
			"name": "remove load with invalid load id",
			"event": [
				{
					"listen": "test",
					"script": {
						"exec": [
							"pm.test(\"404 status code\", function () {",
							"    //Check for appropriate 4XX status code",
							"    pm.response.to.have.status(404);",
							"});",
							"",
							"",
							"pm.test(\"404 error message\", function () {",
							"    //Check for appropriate error message",
							"    pm.expect(pm.response.json()[\"Error\"]).to.eq(\"Boat or/and load is not existed\");",
							"});",
							"",
							""
						],
						"type": "text/javascript"
					}
				}
			],
			"request": {
				"method": "DELETE",
				"header": [],
				"url": {
					"raw": "{{app_url}}/boats/{{boat_id}}/loads/{{invalid_load_id}}",
					"host": [
						"{{app_url}}"
					],
					"path": [
						"boats",
						"{{boat_id}}",
						"loads",
						"{{invalid_load_id}}"
					]
				}
			},
			"response": []
		},
		{
			"name": "remove load with invalid boat id & invalid load id",
			"event": [
				{
					"listen": "test",
					"script": {
						"exec": [
							"pm.test(\"404 status code\", function () {",
							"    //Check for appropriate 4XX status code",
							"    pm.response.to.have.status(404);",
							"});",
							"",
							"",
							"pm.test(\"404 error message\", function () {",
							"    //Check for appropriate error message",
							"    pm.expect(pm.response.json()[\"Error\"]).to.eq(\"Boat or/and load is not existed\");",
							"});"
						],
						"type": "text/javascript"
					}
				}
			],
			"request": {
				"method": "DELETE",
				"header": [],
				"url": {
					"raw": "{{app_url}}/boats/{{invalid_boat_id}}/loads/{{invalid_load_id}}",
					"host": [
						"{{app_url}}"
					],
					"path": [
						"boats",
						"{{invalid_boat_id}}",
						"loads",
						"{{invalid_load_id}}"
					]
				}
			},
			"response": []
		},
		{
			"name": "re-assign load to boat",
			"event": [
				{
					"listen": "test",
					"script": {
						"exec": [
							"pm.test(\"200 status code\", function () {",
							"    pm.response.to.have.status(200);",
							"});",
							""
						],
						"type": "text/javascript"
					}
				}
			],
			"request": {
				"method": "PATCH",
				"header": [],
				"url": {
					"raw": "{{app_url}}/boats/{{boat_id}}/loads/{{load_id}}",
					"host": [
						"{{app_url}}"
					],
					"path": [
						"boats",
						"{{boat_id}}",
						"loads",
						"{{load_id}}"
					]
				}
			},
			"response": []
		},
		{
			"name": "delete boat",
			"event": [
				{
					"listen": "test",
					"script": {
						"exec": [
							"pm.test(\"204 no content\", function () {",
							"    pm.response.to.have.status(204);",
							"});"
						],
						"type": "text/javascript"
					}
				}
			],
			"request": {
				"method": "DELETE",
				"header": [],
				"url": {
					"raw": "{{app_url}}/boats/{{boat_id}}",
					"host": [
						"{{app_url}}"
					],
					"path": [
						"boats",
						"{{boat_id}}"
					]
				}
			},
			"response": []
		},
		{
			"name": "get load after carrier boat deleted",
			"event": [
				{
					"listen": "test",
					"script": {
						"exec": [
							"pm.test(\"200 status code\", function () {",
							"    pm.response.to.have.status(200);",
							"});",
							"",
							"",
							"pm.test(\"content is valid\", function () {",
							"    //Check if the content is valid including self attribute",
							"    pm.expect(pm.response.json()[\"volume\"]).to.eq(5);",
							"    pm.expect(pm.response.json()[\"content\"]).to.eq(\"LEGO Blocks\");",
							"    pm.expect(pm.response.json()[\"creation_date\"]).to.eq(\"10/18/2020\");",
							"    pm.expect(pm.response.json()[\"id\"]).to.eq(parseInt(pm.environment.get(\"load_id\")));",
							"    const self_url = pm.environment.get(\"app_url\") + \"/loads/\" + pm.response.json()[\"id\"];",
							"    pm.expect(pm.response.json()[\"self\"]).to.eq(self_url);",
							"    pm.expect(pm.response.json()[\"carrier\"]).to.eq(null);",
							"});",
							""
						],
						"type": "text/javascript"
					}
				}
			],
			"request": {
				"method": "GET",
				"header": [],
				"url": {
					"raw": "{{app_url}}/loads/{{load_id}}",
					"host": [
						"{{app_url}}"
					],
					"path": [
						"loads",
						"{{load_id}}"
					]
				}
			},
			"response": []
		},
		{
			"name": "delete boat with invalid id",
			"event": [
				{
					"listen": "test",
					"script": {
						"exec": [
							"pm.test(\"404 not found\", function () {",
							"    pm.response.to.have.status(404);",
							"});",
							"",
							"",
							"pm.test(\"404 error message\", function () {",
							"    pm.expect(pm.response.json()[\"Error\"]).to.eq(\"No boat with this boat_id exists\");",
							"});"
						],
						"type": "text/javascript"
					}
				}
			],
			"request": {
				"method": "DELETE",
				"header": [],
				"url": {
					"raw": "{{app_url}}/boats/{{invalid_boat_id}}",
					"host": [
						"{{app_url}}"
					],
					"path": [
						"boats",
						"{{invalid_boat_id}}"
					]
				}
			},
			"response": []
		},
		{
			"name": "delete load with invalid id",
			"event": [
				{
					"listen": "test",
					"script": {
						"exec": [
							"pm.test(\"404 not found\", function () {",
							"    pm.response.to.have.status(404);",
							"});",
							"",
							"",
							"pm.test(\"404 error message\", function () {",
							"     //Check for appropriate error message",
							"     pm.expect(pm.response.json()[\"Error\"]).to.eq(\"No load with this load_id exists\");",
							"});"
						],
						"type": "text/javascript"
					}
				}
			],
			"request": {
				"method": "DELETE",
				"header": [],
				"url": {
					"raw": "{{app_url}}/loads/{{invalid_load_id}}",
					"host": [
						"{{app_url}}"
					],
					"path": [
						"loads",
						"{{invalid_load_id}}"
					]
				}
			},
			"response": []
		},
		{
			"name": "add boat",
			"event": [
				{
					"listen": "test",
					"script": {
						"exec": [
							"//Set boat id environment variable from response",
							"pm.environment.set(\"boat_id\", pm.response.json()[\"id\"]);",
							"",
							"pm.test(\"201 status code\", function () {",
							"    pm.response.to.have.status(201);",
							"});",
							"",
							"",
							"pm.test(\"content is valid\", function () {",
							"   //Check if the response content is valid and matches the expected values",
							"   //Check if the self url is correct",
							"    pm.expect(pm.response.json()[\"name\"]).to.eq(\"Happy Dog\");",
							"    pm.expect(pm.response.json()[\"type\"]).to.eq(\"sailboat\");",
							"    pm.expect(pm.response.json()[\"length\"]).to.eq(19);",
							"    const self_url = pm.environment.get(\"app_url\") + \"/boats/\" + pm.response.json()[\"id\"];",
							"    pm.expect(pm.response.json()[\"self\"]).to.eq(self_url);",
							"});"
						],
						"type": "text/javascript"
					}
				}
			],
			"request": {
				"method": "POST",
				"header": [
					{
						"key": "Content-Type",
						"value": "application/json",
						"type": "text"
					}
				],
				"body": {
					"mode": "raw",
					"raw": "{\n  \"name\": \"Happy Dog\",\n  \"type\": \"sailboat\",\n  \"length\": 19\n}"
				},
				"url": {
					"raw": "{{app_url}}/boats",
					"host": [
						"{{app_url}}"
					],
					"path": [
						"boats"
					]
				}
			},
			"response": []
		},
		{
			"name": "assign load to newest boat",
			"event": [
				{
					"listen": "test",
					"script": {
						"exec": [
							"pm.test(\"204 status code\", function () {",
							"    pm.response.to.have.status(204);",
							"});"
						],
						"type": "text/javascript"
					}
				}
			],
			"request": {
				"method": "PUT",
				"header": [],
				"url": {
					"raw": "{{app_url}}/boats/{{boat_id}}/loads/{{load_id}}",
					"host": [
						"{{app_url}}"
					],
					"path": [
						"boats",
						"{{boat_id}}",
						"loads",
						"{{load_id}}"
					]
				}
			},
			"response": []
		},
		{
			"name": "get boat after load assigned",
			"event": [
				{
					"listen": "test",
					"script": {
						"exec": [
							"pm.test(\"200 status code\", function () {",
							"    pm.response.to.have.status(200);",
							"});",
							"",
							"",
							"pm.test(\"content besides loads is valid\", function () {",
							"    //Check for boat content is valid",
							"    pm.expect(pm.response.json()[\"name\"]).to.eq(\"Happy Dog\");",
							"    pm.expect(pm.response.json()[\"type\"]).to.eq(\"sailboat\");",
							"    pm.expect(pm.response.json()[\"length\"]).to.eq(19);",
							"    const self_url = pm.environment.get(\"app_url\") + \"/boats/\" + pm.response.json()[\"id\"];",
							"    pm.expect(pm.response.json()[\"self\"]).to.eq(self_url);",
							"});",
							"",
							"pm.test(\"loads content is valid\", function () {",
							"   //Check if load content is valid",
							"   pm.expect(pm.response.json()[\"loads\"][0][\"id\"]).to.eq(pm.environment.get(\"load_id\"));",
							"   const load_self_url = pm.environment.get(\"app_url\") + \"/loads/\" + pm.environment.get(\"load_id\");",
							"   pm.expect(pm.response.json()[\"loads\"][0][\"self\"]).to.eq(load_self_url);",
							"});"
						],
						"type": "text/javascript"
					}
				}
			],
			"request": {
				"method": "GET",
				"header": [],
				"url": {
					"raw": "{{app_url}}/boats/{{boat_id}}",
					"host": [
						"{{app_url}}"
					],
					"path": [
						"boats",
						"{{boat_id}}"
					]
				}
			},
			"response": []
		},
		{
			"name": "delete load",
			"event": [
				{
					"listen": "test",
					"script": {
						"exec": [
							"pm.test(\"204 no content\", function () {",
							"   pm.response.to.have.status(204);",
							"});"
						],
						"type": "text/javascript"
					}
				}
			],
			"request": {
				"method": "DELETE",
				"header": [],
				"url": {
					"raw": "{{app_url}}/loads/{{load_id}}",
					"host": [
						"{{app_url}}"
					],
					"path": [
						"loads",
						"{{load_id}}"
					]
				}
			},
			"response": []
		},
		{
			"name": "get boat after load deleted",
			"event": [
				{
					"listen": "test",
					"script": {
						"exec": [
							"pm.test(\"200 status code\", function () {",
							"    pm.response.to.have.status(200);",
							"});",
							"",
							"",
							"pm.test(\"content is valid\", function () {",
							"    pm.expect(pm.response.json()[\"name\"]).to.eq(\"Happy Dog\");",
							"    pm.expect(pm.response.json()[\"type\"]).to.eq(\"sailboat\");",
							"    pm.expect(pm.response.json()[\"length\"]).to.eq(19);",
							"    const self_url = pm.environment.get(\"app_url\") + \"/boats/\" + pm.response.json()[\"id\"];",
							"    pm.expect(pm.response.json()[\"self\"]).to.eq(self_url);",
							"});"
						],
						"type": "text/javascript"
					}
				}
			],
			"request": {
				"method": "GET",
				"header": [],
				"url": {
					"raw": "{{app_url}}/boats/{{boat_id}}",
					"host": [
						"{{app_url}}"
					],
					"path": [
						"boats",
						"{{boat_id}}"
					]
				}
			},
			"response": []
		},
		{
			"name": "delete boat",
			"event": [
				{
					"listen": "test",
					"script": {
						"exec": [
							"pm.test(\"204 no content\", function () {",
							"    pm.response.to.have.status(204);",
							"});"
						],
						"type": "text/javascript"
					}
				}
			],
			"request": {
				"method": "DELETE",
				"header": [],
				"url": {
					"raw": "{{app_url}}/boats/{{boat_id}}",
					"host": [
						"{{app_url}}"
					],
					"path": [
						"boats",
						"{{boat_id}}"
					]
				}
			},
			"response": []
		},
		{
			"name": "add boat01",
			"event": [
				{
					"listen": "test",
					"script": {
						"exec": [
							"//Set boat id environment variable from response",
							"pm.environment.set(\"boat01_id\", pm.response.json()[\"id\"]);",
							"",
							"pm.test(\"201 status code\", function () {",
							"    pm.response.to.have.status(201);",
							"});",
							"",
							"",
							"pm.test(\"content is valid\", function () {",
							"   //Check if the response content is valid and matches the expected values",
							"   //Check if the self url is correct",
							"    pm.expect(pm.response.json()[\"name\"]).to.eq(\"Sea Witch\");",
							"    pm.expect(pm.response.json()[\"type\"]).to.eq(\"Catamaran\");",
							"    pm.expect(pm.response.json()[\"length\"]).to.eq(28);",
							"    const self_url = pm.environment.get(\"app_url\") + \"/boats/\" + pm.response.json()[\"id\"];",
							"    pm.expect(pm.response.json()[\"self\"]).to.eq(self_url);",
							"});"
						],
						"type": "text/javascript"
					}
				}
			],
			"request": {
				"method": "POST",
				"header": [
					{
						"key": "Content-Type",
						"type": "text",
						"value": "application/json"
					}
				],
				"body": {
					"mode": "raw",
					"raw": "{\n  \"name\": \"Sea Witch\",\n  \"type\": \"Catamaran\",\n  \"length\": 28\n}"
				},
				"url": {
					"raw": "{{app_url}}/boats",
					"host": [
						"{{app_url}}"
					],
					"path": [
						"boats"
					]
				}
			},
			"response": []
		},
		{
			"name": "add load01",
			"event": [
				{
					"listen": "test",
					"script": {
						"exec": [
							"//Set appropriate environment variable for load id",
							"pm.environment.set(\"load01_id\", pm.response.json()[\"id\"]);",
							"",
							"pm.test(\"201 status code\", function () {",
							"   pm.response.to.have.status(201);",
							"});",
							"",
							"",
							"pm.test(\"content is valid\", function () {",
							"    pm.expect(pm.response.json()[\"volume\"]).to.eq(5);",
							"    pm.expect(pm.response.json()[\"content\"]).to.eq(\"LEGO Blocks\");",
							"    pm.expect(pm.response.json()[\"creation_date\"]).to.eq(\"10/18/2020\");",
							"    const self_url = pm.environment.get(\"app_url\") + \"/loads/\" + pm.response.json()[\"id\"];",
							"    pm.expect(pm.response.json()[\"self\"]).to.eq(self_url);",
							"});"
						],
						"type": "text/javascript"
					}
				}
			],
			"request": {
				"method": "POST",
				"header": [
					{
						"key": "Content-Type",
						"type": "text",
						"value": "application/json"
					}
				],
				"body": {
					"mode": "raw",
					"raw": "{\n    \"volume\": 5,\n    \"content\": \"LEGO Blocks\",\n    \"creation_date\": \"10/18/2020\"\n}"
				},
				"url": {
					"raw": "{{app_url}}/loads",
					"host": [
						"{{app_url}}"
					],
					"path": [
						"loads"
					]
				}
			},
			"response": []
		},
		{
			"name": "assign load01 to boat01",
			"event": [
				{
					"listen": "test",
					"script": {
						"exec": [
							"pm.test(\"204 status code\", function () {",
							"    pm.response.to.have.status(204);",
							"});",
							""
						],
						"type": "text/javascript"
					}
				}
			],
			"request": {
				"method": "PUT",
				"header": [],
				"url": {
					"raw": "{{app_url}}/boats/{{boat01_id}}/loads/{{load01_id}}",
					"host": [
						"{{app_url}}"
					],
					"path": [
						"boats",
						"{{boat01_id}}",
						"loads",
						"{{load01_id}}"
					]
				}
			},
			"response": []
		},
		{
			"name": "add load02",
			"event": [
				{
					"listen": "test",
					"script": {
						"exec": [
							"//Set appropriate environment variable for load id",
							"pm.environment.set(\"load02_id\", pm.response.json()[\"id\"]);",
							"",
							"pm.test(\"201 status code\", function () {",
							"   pm.response.to.have.status(201);",
							"});",
							"",
							"",
							"pm.test(\"content is valid\", function () {",
							"    pm.expect(pm.response.json()[\"volume\"]).to.eq(5);",
							"    pm.expect(pm.response.json()[\"content\"]).to.eq(\"LEGO Blocks\");",
							"    pm.expect(pm.response.json()[\"creation_date\"]).to.eq(\"10/18/2020\");",
							"    const self_url = pm.environment.get(\"app_url\") + \"/loads/\" + pm.response.json()[\"id\"];",
							"    pm.expect(pm.response.json()[\"self\"]).to.eq(self_url);",
							"});"
						],
						"type": "text/javascript"
					}
				}
			],
			"request": {
				"method": "POST",
				"header": [
					{
						"key": "Content-Type",
						"type": "text",
						"value": "application/json"
					}
				],
				"body": {
					"mode": "raw",
					"raw": "{\n    \"volume\": 5,\n    \"content\": \"LEGO Blocks\",\n    \"creation_date\": \"10/18/2020\"\n}"
				},
				"url": {
					"raw": "{{app_url}}/loads",
					"host": [
						"{{app_url}}"
					],
					"path": [
						"loads"
					]
				}
			},
			"response": []
		},
		{
			"name": "assign load02 to boat01",
			"event": [
				{
					"listen": "test",
					"script": {
						"exec": [
							"pm.test(\"204 status code\", function () {",
							"    pm.response.to.have.status(204);",
							"});"
						],
						"type": "text/javascript"
					}
				}
			],
			"request": {
				"method": "PUT",
				"header": [],
				"url": {
					"raw": "{{app_url}}/boats/{{boat01_id}}/loads/{{load02_id}}",
					"host": [
						"{{app_url}}"
					],
					"path": [
						"boats",
						"{{boat01_id}}",
						"loads",
						"{{load02_id}}"
					]
				}
			},
			"response": []
		},
		{
			"name": "add load03",
			"event": [
				{
					"listen": "test",
					"script": {
						"exec": [
							"//Set appropriate environment variable for load id",
							"pm.environment.set(\"load03_id\", pm.response.json()[\"id\"]);",
							"",
							"pm.test(\"201 status code\", function () {",
							"   pm.response.to.have.status(201);",
							"});",
							"",
							"",
							"pm.test(\"content is valid\", function () {",
							"    pm.expect(pm.response.json()[\"volume\"]).to.eq(5);",
							"    pm.expect(pm.response.json()[\"content\"]).to.eq(\"LEGO Blocks\");",
							"    pm.expect(pm.response.json()[\"creation_date\"]).to.eq(\"10/18/2020\");",
							"    const self_url = pm.environment.get(\"app_url\") + \"/loads/\" + pm.response.json()[\"id\"];",
							"    pm.expect(pm.response.json()[\"self\"]).to.eq(self_url);",
							"});"
						],
						"type": "text/javascript"
					}
				}
			],
			"request": {
				"method": "POST",
				"header": [
					{
						"key": "Content-Type",
						"type": "text",
						"value": "application/json"
					}
				],
				"body": {
					"mode": "raw",
					"raw": "{\n    \"volume\": 5,\n    \"content\": \"LEGO Blocks\",\n    \"creation_date\": \"10/18/2020\"\n}"
				},
				"url": {
					"raw": "{{app_url}}/loads",
					"host": [
						"{{app_url}}"
					],
					"path": [
						"loads"
					]
				}
			},
			"response": []
		},
		{
			"name": "assign load03 to boat01",
			"event": [
				{
					"listen": "test",
					"script": {
						"exec": [
							"pm.test(\"204 status code\", function () {",
							"    pm.response.to.have.status(204);",
							"});"
						],
						"type": "text/javascript"
					}
				}
			],
			"request": {
				"method": "PUT",
				"header": [],
				"url": {
					"raw": "{{app_url}}/boats/{{boat01_id}}/loads/{{load03_id}}",
					"host": [
						"{{app_url}}"
					],
					"path": [
						"boats",
						"{{boat01_id}}",
						"loads",
						"{{load03_id}}"
					]
				}
			},
			"response": []
		},
		{
			"name": "add load04",
			"event": [
				{
					"listen": "test",
					"script": {
						"exec": [
							"//Set appropriate environment variable for load id",
							"pm.environment.set(\"load04_id\", pm.response.json()[\"id\"]);",
							"",
							"pm.test(\"201 status code\", function () {",
							"   pm.response.to.have.status(201);",
							"});",
							"",
							"",
							"pm.test(\"content is valid\", function () {",
							"    pm.expect(pm.response.json()[\"volume\"]).to.eq(5);",
							"    pm.expect(pm.response.json()[\"content\"]).to.eq(\"LEGO Blocks\");",
							"    pm.expect(pm.response.json()[\"creation_date\"]).to.eq(\"10/18/2020\");",
							"    const self_url = pm.environment.get(\"app_url\") + \"/loads/\" + pm.response.json()[\"id\"];",
							"    pm.expect(pm.response.json()[\"self\"]).to.eq(self_url);",
							"});"
						],
						"type": "text/javascript"
					}
				}
			],
			"request": {
				"method": "POST",
				"header": [
					{
						"key": "Content-Type",
						"type": "text",
						"value": "application/json"
					}
				],
				"body": {
					"mode": "raw",
					"raw": "{\n    \"volume\": 5,\n    \"content\": \"LEGO Blocks\",\n    \"creation_date\": \"10/18/2020\"\n}"
				},
				"url": {
					"raw": "{{app_url}}/loads",
					"host": [
						"{{app_url}}"
					],
					"path": [
						"loads"
					]
				}
			},
			"response": []
		},
		{
			"name": "assign load04 to boat01",
			"event": [
				{
					"listen": "test",
					"script": {
						"exec": [
							"pm.test(\"204 status code\", function () {",
							"    pm.response.to.have.status(204);",
							"});"
						],
						"type": "text/javascript"
					}
				}
			],
			"request": {
				"method": "PUT",
				"header": [],
				"url": {
					"raw": "{{app_url}}/boats/{{boat01_id}}/loads/{{load04_id}}",
					"host": [
						"{{app_url}}"
					],
					"path": [
						"boats",
						"{{boat01_id}}",
						"loads",
						"{{load04_id}}"
					]
				}
			},
			"response": []
		},
		{
			"name": "get all loads for given boat",
			"event": [
				{
					"listen": "test",
					"script": {
						"exec": [
							"pm.test(\"200 status code\", function () {",
							"    pm.response.to.have.status(200);",
							"});",
							"",
							"",
							"pm.test(\"load01 content is valid\", function () {",
							"    //Check for appropriate load contents",
							"    pm.expect(pm.response.json()[0][\"volume\"]).to.eq(5);",
							"    pm.expect(pm.response.json()[0][\"content\"]).to.eq(\"LEGO Blocks\");",
							"    pm.expect(pm.response.json()[0][\"creation_date\"]).to.eq(\"10/18/2020\");",
							"    pm.expect(pm.response.json()[0][\"carrier\"]).to.eq(parseInt(pm.environment.get('boat01_id')));",
							"    //pm.expect(pm.response.json()[0][\"id\"]).to.eq(parseInt(pm.environment.get('load01_id')));",
							"});",
							"",
							"pm.test(\"load02 content is valid\", function () {",
							"    //Check for appropriate load contents",
							"    pm.expect(pm.response.json()[1][\"volume\"]).to.eq(5);",
							"    pm.expect(pm.response.json()[1][\"content\"]).to.eq(\"LEGO Blocks\");",
							"    pm.expect(pm.response.json()[1][\"creation_date\"]).to.eq(\"10/18/2020\");",
							"    pm.expect(pm.response.json()[1][\"carrier\"]).to.eq(parseInt(pm.environment.get('boat01_id')));",
							"    //pm.expect(pm.response.json()[1][\"id\"]).to.eq(parseInt(pm.environment.get('load02_id')));",
							"});",
							"",
							"",
							"pm.test(\"load03 content is valid\", function () {",
							"   //Check for appropriate load contents",
							"    pm.expect(pm.response.json()[2][\"volume\"]).to.eq(5);",
							"    pm.expect(pm.response.json()[2][\"content\"]).to.eq(\"LEGO Blocks\");",
							"    pm.expect(pm.response.json()[2][\"creation_date\"]).to.eq(\"10/18/2020\");",
							"    pm.expect(pm.response.json()[2][\"carrier\"]).to.eq(parseInt(pm.environment.get('boat01_id')));",
							"    //pm.expect(pm.response.json()[2][\"id\"]).to.eq(parseInt(pm.environment.get('load03_id')));",
							"});",
							"",
							"",
							"pm.test(\"load04 content is valid\", function () {",
							"    //Check for appropriate load contents",
							"    pm.expect(pm.response.json()[3][\"volume\"]).to.eq(5);",
							"    pm.expect(pm.response.json()[3][\"content\"]).to.eq(\"LEGO Blocks\");",
							"    pm.expect(pm.response.json()[3][\"creation_date\"]).to.eq(\"10/18/2020\");",
							"    pm.expect(pm.response.json()[3][\"carrier\"]).to.eq(parseInt(pm.environment.get('boat01_id')));",
							"    //pm.expect(pm.response.json()[3][\"id\"]).to.eq(parseInt(pm.environment.get('load04_id')));",
							"});",
							"",
							""
						],
						"type": "text/javascript"
					}
				}
			],
			"request": {
				"method": "GET",
				"header": [],
				"url": {
					"raw": "{{app_url}}/boats/{{boat01_id}}/loads",
					"host": [
						"{{app_url}}"
					],
					"path": [
						"boats",
						"{{boat01_id}}",
						"loads"
					]
				}
			},
			"response": []
		},
		{
			"name": "get all loads for boat with invalid boat id",
			"event": [
				{
					"listen": "test",
					"script": {
						"exec": [
							"pm.test(\"404 status code\", function () {",
							"    pm.response.to.have.status(404);",
							"});",
							"",
							"",
							"pm.test(\"4XX error message\", function () {",
							"    pm.expect(pm.response.json()[\"Error\"]).to.eq(\"No boat with this boat_id exists\");",
							"});"
						],
						"type": "text/javascript"
					}
				}
			],
			"request": {
				"method": "GET",
				"header": [],
				"url": {
					"raw": "{{app_url}}/boats/{{invalid_boat_id}}/loads",
					"host": [
						"{{app_url}}"
					],
					"path": [
						"boats",
						"{{invalid_boat_id}}",
						"loads"
					]
				}
			},
			"response": []
		},
		{
			"name": "get all loads with pagination",
			"event": [
				{
					"listen": "test",
					"script": {
						"exec": [
							"pm.test(\"200 status code\", function () {",
							"   pm.response.to.have.status(200);",
							"});",
							"",
							"pm.test(\"only correct number of loads in response\", function () {",
							"    pm.expect(pm.response.json()[\"loads\"].length).to.equal(2);",
							"});",
							"",
							"pm.test(\"next property exists\", function () {",
							"    //Check if next property exists",
							"    pm.expect(pm.response.json()[\"next\"].length).to.not.equal(null);",
							"});"
						],
						"type": "text/javascript"
					}
				}
			],
			"request": {
				"method": "GET",
				"header": [],
				"url": {
					"raw": "{{app_url}}/loads",
					"host": [
						"{{app_url}}"
					],
					"path": [
						"loads"
					]
				}
			},
			"response": []
		},
		{
			"name": "add boat02",
			"event": [
				{
					"listen": "test",
					"script": {
						"exec": [
							"//Set boat id environment variable from response",
							"pm.environment.set(\"boat02_id\", pm.response.json()[\"id\"]);",
							"",
							"pm.test(\"201 status code\", function () {",
							"    pm.response.to.have.status(201);",
							"});",
							"",
							"",
							"pm.test(\"content is valid\", function () {",
							"   //Check if the response content is valid and matches the expected values",
							"   //Check if the self url is correct",
							"    pm.expect(pm.response.json()[\"name\"]).to.eq(\"Sea Witch\");",
							"    pm.expect(pm.response.json()[\"type\"]).to.eq(\"Catamaran\");",
							"    pm.expect(pm.response.json()[\"length\"]).to.eq(28);",
							"    const self_url = pm.environment.get(\"app_url\") + \"/boats/\" + pm.response.json()[\"id\"];",
							"    pm.expect(pm.response.json()[\"self\"]).to.eq(self_url);",
							"});"
						],
						"type": "text/javascript"
					}
				}
			],
			"request": {
				"method": "POST",
				"header": [
					{
						"key": "Content-Type",
						"type": "text",
						"value": "application/json"
					}
				],
				"body": {
					"mode": "raw",
					"raw": "{\n  \"name\": \"Sea Witch\",\n  \"type\": \"Catamaran\",\n  \"length\": 28\n}"
				},
				"url": {
					"raw": "{{app_url}}/boats",
					"host": [
						"{{app_url}}"
					],
					"path": [
						"boats"
					]
				}
			},
			"response": []
		},
		{
			"name": "add boat03",
			"event": [
				{
					"listen": "test",
					"script": {
						"exec": [
							"//Set boat id environment variable from response",
							"pm.environment.set(\"boat01_id\", pm.response.json()[\"id\"]);",
							"",
							"pm.test(\"201 status code\", function () {",
							"    pm.response.to.have.status(201);",
							"});",
							"",
							"",
							"pm.test(\"content is valid\", function () {",
							"   //Check if the response content is valid and matches the expected values",
							"   //Check if the self url is correct",
							"    pm.expect(pm.response.json()[\"name\"]).to.eq(\"Sea Witch\");",
							"    pm.expect(pm.response.json()[\"type\"]).to.eq(\"Catamaran\");",
							"    pm.expect(pm.response.json()[\"length\"]).to.eq(28);",
							"    const self_url = pm.environment.get(\"app_url\") + \"/boats/\" + pm.response.json()[\"id\"];",
							"    pm.expect(pm.response.json()[\"self\"]).to.eq(self_url);",
							"});"
						],
						"type": "text/javascript"
					}
				}
			],
			"request": {
				"method": "POST",
				"header": [
					{
						"key": "Content-Type",
						"type": "text",
						"value": "application/json"
					}
				],
				"body": {
					"mode": "raw",
					"raw": "{\n  \"name\": \"Sea Witch\",\n  \"type\": \"Catamaran\",\n  \"length\": 28\n}"
				},
				"url": {
					"raw": "{{app_url}}/boats",
					"host": [
						"{{app_url}}"
					],
					"path": [
						"boats"
					]
				}
			},
			"response": []
		},
		{
			"name": "add boat04",
			"event": [
				{
					"listen": "test",
					"script": {
						"exec": [
							"//Set boat id environment variable from response",
							"pm.environment.set(\"boat01_id\", pm.response.json()[\"id\"]);",
							"",
							"pm.test(\"201 status code\", function () {",
							"    pm.response.to.have.status(201);",
							"});",
							"",
							"",
							"pm.test(\"content is valid\", function () {",
							"   //Check if the response content is valid and matches the expected values",
							"   //Check if the self url is correct",
							"    pm.expect(pm.response.json()[\"name\"]).to.eq(\"Sea Witch\");",
							"    pm.expect(pm.response.json()[\"type\"]).to.eq(\"Catamaran\");",
							"    pm.expect(pm.response.json()[\"length\"]).to.eq(28);",
							"    const self_url = pm.environment.get(\"app_url\") + \"/boats/\" + pm.response.json()[\"id\"];",
							"    pm.expect(pm.response.json()[\"self\"]).to.eq(self_url);",
							"});"
						],
						"type": "text/javascript"
					}
				}
			],
			"request": {
				"method": "POST",
				"header": [
					{
						"key": "Content-Type",
						"type": "text",
						"value": "application/json"
					}
				],
				"body": {
					"mode": "raw",
					"raw": "{\n  \"name\": \"Sea Witch\",\n  \"type\": \"Catamaran\",\n  \"length\": 28\n}"
				},
				"url": {
					"raw": "{{app_url}}/boats",
					"host": [
						"{{app_url}}"
					],
					"path": [
						"boats"
					]
				}
			},
			"response": []
		},
		{
			"name": "get all boats with pagination",
			"event": [
				{
					"listen": "test",
					"script": {
						"exec": [
							"pm.test(\"200 status code\", function () {",
							"   pm.response.to.have.status(200);",
							"});",
							"",
							"pm.test(\"only correct number of loads in response\", function () {",
							"    pm.expect(pm.response.json()[\"boats\"].length).to.equal(2);",
							"});",
							"",
							"pm.test(\"next property exists\", function () {",
							"    //Check if next property exists",
							"    pm.expect(pm.response.json()[\"next\"].length).to.not.equal(null);",
							"});"
						],
						"type": "text/javascript"
					}
				}
			],
			"request": {
				"method": "GET",
				"header": [],
				"url": {
					"raw": "{{app_url}}/boats",
					"host": [
						"{{app_url}}"
					],
					"path": [
						"boats"
					]
				}
			},
			"response": []
		},
		{
			"name": "delete load01",
			"event": [
				{
					"listen": "test",
					"script": {
						"exec": [
							"pm.test(\"2XX no content\", function () {",
							"    //Check for appropriate 2XX code",
							"});"
						],
						"type": "text/javascript"
					}
				}
			],
			"request": {
				"method": "DELETE",
				"header": [],
				"url": {
					"raw": "{{app_url}}/loads/{{load01_id}}",
					"host": [
						"{{app_url}}"
					],
					"path": [
						"loads",
						"{{load01_id}}"
					]
				}
			},
			"response": []
		},
		{
			"name": "delete load02",
			"event": [
				{
					"listen": "test",
					"script": {
						"exec": [
							"pm.test(\"2XX no content\", function () {",
							"    //Check for appropriate 2XX code",
							"});"
						],
						"type": "text/javascript"
					}
				}
			],
			"request": {
				"method": "DELETE",
				"header": [],
				"url": {
					"raw": "{{app_url}}/loads/{{load02_id}}",
					"host": [
						"{{app_url}}"
					],
					"path": [
						"loads",
						"{{load02_id}}"
					]
				}
			},
			"response": []
		},
		{
			"name": "delete load03",
			"event": [
				{
					"listen": "test",
					"script": {
						"exec": [
							"pm.test(\"2XX no content\", function () {",
							"    //Check for appropriate 2XX code",
							"});"
						],
						"type": "text/javascript"
					}
				}
			],
			"request": {
				"method": "DELETE",
				"header": [],
				"url": {
					"raw": "{{app_url}}/loads/{{load03_id}}",
					"host": [
						"{{app_url}}"
					],
					"path": [
						"loads",
						"{{load03_id}}"
					]
				}
			},
			"response": []
		},
		{
			"name": "delete load04",
			"event": [
				{
					"listen": "test",
					"script": {
						"exec": [
							"pm.test(\"2XX no content\", function () {",
							"    //Check for appropriate 2XX code",
							"});"
						],
						"type": "text/javascript"
					}
				}
			],
			"request": {
				"method": "DELETE",
				"header": [],
				"url": {
					"raw": "{{app_url}}/loads/{{load04_id}}",
					"host": [
						"{{app_url}}"
					],
					"path": [
						"loads",
						"{{load04_id}}"
					]
				}
			},
			"response": []
		},
		{
			"name": "delete boat01",
			"event": [
				{
					"listen": "test",
					"script": {
						"exec": [
							"pm.test(\"2XX no content\", function () {",
							"    //Check for appropriate 2XX code",
							"});"
						],
						"type": "text/javascript"
					}
				}
			],
			"request": {
				"method": "DELETE",
				"header": [],
				"url": {
					"raw": "{{app_url}}/boats/{{boat01_id}}",
					"host": [
						"{{app_url}}"
					],
					"path": [
						"boats",
						"{{boat01_id}}"
					]
				}
			},
			"response": []
		},
		{
			"name": "delete boat02",
			"event": [
				{
					"listen": "test",
					"script": {
						"exec": [
							"pm.test(\"2XX no content\", function () {",
							"    //Check for appropriate 2XX code",
							"});"
						],
						"type": "text/javascript"
					}
				}
			],
			"request": {
				"method": "DELETE",
				"header": [],
				"url": {
					"raw": "{{app_url}}/boats/{{boat02_id}}",
					"host": [
						"{{app_url}}"
					],
					"path": [
						"boats",
						"{{boat02_id}}"
					]
				}
			},
			"response": []
		},
		{
			"name": "delete boat03",
			"event": [
				{
					"listen": "test",
					"script": {
						"exec": [
							"pm.test(\"2XX no content\", function () {",
							"    //Check for appropriate 2XX code",
							"});"
						],
						"type": "text/javascript"
					}
				}
			],
			"request": {
				"method": "DELETE",
				"header": [],
				"url": {
					"raw": "{{app_url}}/boats/{{boat03_id}}",
					"host": [
						"{{app_url}}"
					],
					"path": [
						"boats",
						"{{boat03_id}}"
					]
				}
			},
			"response": []
		},
		{
			"name": "delete boat04",
			"event": [
				{
					"listen": "test",
					"script": {
						"exec": [
							"pm.test(\"2XX no content\", function () {",
							"    //Check for appropriate 2XX code",
							"});"
						],
						"type": "text/javascript"
					}
				}
			],
			"request": {
				"method": "DELETE",
				"header": [],
				"url": {
					"raw": "{{app_url}}/boats/{{boat04_id}}",
					"host": [
						"{{app_url}}"
					],
					"path": [
						"boats",
						"{{boat04_id}}"
					]
				}
			},
			"response": []
		}
	]
}