{
	"id": "70c8cec5-e547-4811-b442-fa6a60b1cdf7",
	"name": "hw3-marina",
	"values": [
		{
			"key": "app_url",
			"value": "https://assignment4-311311.ue.r.appspot.com",
			"enabled": true
		},
		{
			"key": "boat_id",
			"value": "",
			"enabled": true
		},
		{
			"key": "invalid_boat_id",
			"value": "1",
			"enabled": true
		},
		{
			"key": "load_id",
			"value": "",
			"enabled": true
		},
		{
			"key": "invalid_load_id",
			"value": "2",
			"enabled": true
		},
		{
			"key": "load01_id",
			"value": "",
			"enabled": true
		},
		{
			"key": "load02_id",
			"value": "",
			"enabled": true
		},
		{
			"key": "load03_id",
			"value": "",
			"enabled": true
		},
		{
			"key": "load04_id",
			"value": "",
			"enabled": true
		},
		{
			"key": "boat01_id",
			"value": "",
			"enabled": true
		},
		{
			"key": "boat02_id",
			"value": "",
			"enabled": true
		},
		{
			"key": "boat03_id",
			"value": "",
			"enabled": true
		},
		{
			"key": "boat04_id",
			"value": "",
			"enabled": true
		}
	],
	"_postman_variable_scope": "environment",
	"_postman_exported_at": "2021-04-20T12:56:50.593Z",
	"_postman_exported_using": "Postman/8.1.0"
}