{
	"info": {
		"_postman_id": "070931ae-b248-43ae-94a6-89c7a94883fb",
		"name": "linxinw_postman_collection",
		"schema": "https://schema.getpostman.com/json/collection/v2.1.0/collection.json"
	},
	"item": [
		{
			"name": "Comfirm there are 30 public gists",
			"event": [
				{
					"listen": "prerequest",
					"script": {
						"exec": [
							""
						],
						"type": "text/javascript"
					}
				},
				{
					"listen": "test",
					"script": {
						"exec": [
							"pm.test(\"Status test\", function () {",
							"    pm.response.to.have.status(200);",
							"});",
							"",
							"pm.test(\"comfirm there are 30 public gists\", function () {",
							"    pm.expect(pm.response.json()).to.have.lengthOf(30);",
							"});"
						],
						"type": "text/javascript"
					}
				}
			],
			"request": {
				"method": "GET",
				"header": [],
				"url": {
					"raw": "https://api.github.com/gists/public",
					"protocol": "https",
					"host": [
						"api",
						"github",
						"com"
					],
					"path": [
						"gists",
						"public"
					]
				}
			},
			"response": []
		},
		{
			"name": "If wolfordj has at least one public Gist",
			"event": [
				{
					"listen": "test",
					"script": {
						"exec": [
							"pm.test(\"Status test\", function () {",
							"    pm.response.to.have.status(200);",
							"});",
							"",
							"pm.test(\"comfirm there at least 1 public gists for wolfordj\", function () {",
							"    pm.expect(pm.response.json().length).to.be.above(0);",
							"});"
						],
						"type": "text/javascript"
					}
				}
			],
			"request": {
				"method": "GET",
				"header": [],
				"url": {
					"raw": "https://api.github.com/users/wolfordj/gists",
					"protocol": "https",
					"host": [
						"api",
						"github",
						"com"
					],
					"path": [
						"users",
						"wolfordj",
						"gists"
					]
				}
			},
			"response": []
		},
		{
			"name": "when a Gist is created the number of Gists associated with the token you used  increases by 1 -1",
			"event": [
				{
					"listen": "prerequest",
					"script": {
						"exec": [
							"/*",
							"var url = \"https://api.github.com/gists\";",
							"",
							"pm.sendRequest(url, function (err, res) {",
							"    pm.environment.set(\"prevNumOfGists\", res.json().length);",
							"});",
							"*/",
							"",
							""
						],
						"type": "text/javascript"
					}
				},
				{
					"listen": "test",
					"script": {
						"exec": [
							"pm.test(\"Status test\", function () {",
							"    pm.response.to.have.status(200);",
							"});",
							"",
							"pm.environment.set(\"prevNumOfGists\", pm.response.json().length);"
						],
						"type": "text/javascript"
					}
				}
			],
			"protocolProfileBehavior": {
				"disableBodyPruning": true
			},
			"request": {
				"method": "GET",
				"header": [
					{
						"key": "",
						"value": "",
						"type": "text",
						"disabled": true
					}
				],
				"body": {
					"mode": "raw",
					"raw": "",
					"options": {
						"raw": {
							"language": "json"
						}
					}
				},
				"url": {
					"raw": "https://api.github.com/gists",
					"protocol": "https",
					"host": [
						"api",
						"github",
						"com"
					],
					"path": [
						"gists"
					]
				}
			},
			"response": []
		},
		{
			"name": "when a Gist is created the number of Gists associated with the token you used  increases by 1 -2",
			"event": [
				{
					"listen": "test",
					"script": {
						"exec": [
							"pm.test(\"Status test\", function () {",
							"    pm.response.to.have.status(201);",
							"});",
							""
						],
						"type": "text/javascript"
					}
				}
			],
			"request": {
				"method": "POST",
				"header": [],
				"body": {
					"mode": "raw",
					"raw": "{\n    \"description\": \"Hello World Examples\",\n    \"public\": true,\n    \"files\": {\n        \"hello_world.js\": {\n            \"content\": \"conosle.log('Hello World');\"\n        },\n        \"hello_world_js.txt\": {\n            \"content\": \"Run `node hello_world.js` to print Hello World\"\n        }\n    }\n}",
					"options": {
						"raw": {
							"language": "json"
						}
					}
				},
				"url": {
					"raw": "https://api.github.com/gists",
					"protocol": "https",
					"host": [
						"api",
						"github",
						"com"
					],
					"path": [
						"gists"
					]
				}
			},
			"response": []
		},
		{
			"name": "when a Gist is created the number of Gists associated with the token you used  increases by 1 -3",
			"event": [
				{
					"listen": "test",
					"script": {
						"exec": [
							"pm.test(\"Status test\", function () {",
							"    pm.response.to.have.status(200);",
							"});",
							"",
							"var url = \"https://api.github.com/gists\";",
							"var newNumOfGists = pm.response.json().length;",
							"pm.test(\"Number of Gists increased by 1\", function() {",
							"    pm.expect(newNumOfGists).to.equal(pm.environment.get(\"prevNumOfGists\") + 1);",
							"})"
						],
						"type": "text/javascript"
					}
				}
			],
			"request": {
				"method": "GET",
				"header": [],
				"url": {
					"raw": "https://api.github.com/gists",
					"protocol": "https",
					"host": [
						"api",
						"github",
						"com"
					],
					"path": [
						"gists"
					]
				}
			},
			"response": []
		},
		{
			"name": "Confirm that the contents of the Gist you created match the contents you sent",
			"event": [
				{
					"listen": "test",
					"script": {
						"exec": [
							"/*",
							"pm.environment.set(\"originalContentsReceived\", pm.response.json()[\"files\"][pm.environment.get(\"nameToSend\")][\"content\"]);",
							"pm.test(\"Check that contents of the new Gist match what was sent\", function () {",
							"    pm.expect(pm.environment.get(\"originalContentsReceived\")).to.be.equal(pm.environment.get(\"contentToSend\"));",
							"});",
							"*/",
							"var length = pm.response.json().length;",
							"var description = pm.response.json()[length-1].description;",
							"var public = pm.response.json()[length-1].public;",
							"var files = pm.response.json()[length-1].files;",
							"",
							"file1 = files[\"hello_world.js\"];",
							"var size_of_file1 = file1.size;",
							"var name_of_file1 = file1.filename;",
							"",
							"",
							"file2 = files[\"hello_world_js.txt\"];",
							"var size_of_file2 = file2.size;",
							"var name_of_file2 = file2.filename;",
							"",
							"pm.test(\"description is the same\", function() {",
							"    pm.expect(description).to.equal(\"Hello World Examples\");",
							"})",
							"",
							"pm.test(\"public is the same\", function() {",
							"    pm.expect(public).to.equal(true);",
							"})",
							"",
							"pm.test(\"size of the hello_world.js is the same\", function() {",
							"    pm.expect(size_of_file1).to.equal(27);",
							"})",
							"",
							"pm.test(\"name of the hello_world.js is the same\", function() {",
							"    pm.expect(name_of_file1).to.equal(\"hello_world.js\");",
							"})",
							"",
							"pm.test(\"size of the hello_world_js.txt is the same\", function() {",
							"    pm.expect(size_of_file2).to.equal(46);",
							"})",
							"",
							"pm.test(\"name of the hello_world_js.txt is the same\", function() {",
							"    pm.expect(name_of_file2).to.equal(\"hello_world_js.txt\");",
							"})"
						],
						"type": "text/javascript"
					}
				}
			],
			"request": {
				"method": "GET",
				"header": [],
				"url": {
					"raw": "https://api.github.com/gists",
					"protocol": "https",
					"host": [
						"api",
						"github",
						"com"
					],
					"path": [
						"gists"
					]
				}
			},
			"response": []
		},
		{
			"name": "Able to edit the contents of a Gist-1",
			"event": [
				{
					"listen": "prerequest",
					"script": {
						"exec": [
							""
						],
						"type": "text/javascript"
					}
				},
				{
					"listen": "test",
					"script": {
						"exec": [
							"pm.test(\"Status test\", function () {",
							"    pm.response.to.have.status(200);",
							"});",
							"",
							"pm.environment.set(\"url\", pm.response.json()[0].url);"
						],
						"type": "text/javascript"
					}
				}
			],
			"request": {
				"method": "GET",
				"header": [],
				"url": {
					"raw": "https://api.github.com/gists",
					"protocol": "https",
					"host": [
						"api",
						"github",
						"com"
					],
					"path": [
						"gists"
					]
				}
			},
			"response": []
		},
		{
			"name": "Able to edit the contents of a Gist-2",
			"event": [
				{
					"listen": "prerequest",
					"script": {
						"exec": [
							""
						],
						"type": "text/javascript"
					}
				},
				{
					"listen": "test",
					"script": {
						"exec": [
							"pm.test(\"Status test\", function () {",
							"    pm.response.to.have.status(200);",
							"});"
						],
						"type": "text/javascript"
					}
				}
			],
			"request": {
				"method": "PATCH",
				"header": [],
				"body": {
					"mode": "raw",
					"raw": "{\n    \"description\": \"Hello Universe Examples\",\n    \"files\": {\n        \"hello_world.js\": {\n            \"filename\": \"hello_universe.js\"\n        }\n    }\n    \n}",
					"options": {
						"raw": {
							"language": "json"
						}
					}
				},
				"url": {
					"raw": "{{url}}",
					"host": [
						"{{url}}"
					]
				}
			},
			"response": []
		},
		{
			"name": "Able to edit the contents of a Gist-2",
			"event": [
				{
					"listen": "test",
					"script": {
						"exec": [
							"pm.test(\"Status test\", function () {",
							"    pm.response.to.have.status(200);",
							"});",
							"",
							"pm.test(\"description is changed\", function() {",
							"    pm.expect(pm.response.json()[0].description).to.equal(\"Hello Universe Examples\");",
							"})",
							"",
							"pm.test(\"filename is changed\", function() {",
							"    pm.expect(pm.response.json()[0].files[\"hello_universe.js\"].filename).to.equal(\"hello_universe.js\");",
							"})"
						],
						"type": "text/javascript"
					}
				}
			],
			"request": {
				"method": "GET",
				"header": [],
				"url": {
					"raw": "https://api.github.com/gists",
					"protocol": "https",
					"host": [
						"api",
						"github",
						"com"
					],
					"path": [
						"gists"
					]
				}
			},
			"response": []
		},
		{
			"name": "Can add a star to a Gist-1",
			"event": [
				{
					"listen": "test",
					"script": {
						"exec": [
							"pm.test(\"Status test\", function () {",
							"    pm.response.to.have.status(200);",
							"});",
							"",
							"pm.environment.set(\"url\", pm.response.json()[0].url);"
						],
						"type": "text/javascript"
					}
				}
			],
			"request": {
				"method": "GET",
				"header": [],
				"url": {
					"raw": "https://api.github.com/gists",
					"protocol": "https",
					"host": [
						"api",
						"github",
						"com"
					],
					"path": [
						"gists"
					]
				}
			},
			"response": []
		},
		{
			"name": "Can add a star to a Gist-2",
			"event": [
				{
					"listen": "test",
					"script": {
						"exec": [
							"pm.test(\"Status test\", function () {",
							"    pm.response.to.have.status(204);",
							"});",
							""
						],
						"type": "text/javascript"
					}
				}
			],
			"request": {
				"method": "DELETE",
				"header": [],
				"url": {
					"raw": "{{url}}/star",
					"host": [
						"{{url}}"
					],
					"path": [
						"star"
					]
				}
			},
			"response": []
		},
		{
			"name": "Can add a star to a Gist-3",
			"event": [
				{
					"listen": "test",
					"script": {
						"exec": [
							"pm.test(\"The file is not starred\", function () {",
							"    pm.response.to.have.status(404);",
							"});"
						],
						"type": "text/javascript"
					}
				}
			],
			"request": {
				"method": "GET",
				"header": [],
				"url": {
					"raw": "{{url}}/star",
					"host": [
						"{{url}}"
					],
					"path": [
						"star"
					]
				}
			},
			"response": []
		},
		{
			"name": "Can add a star to a Gist-4",
			"event": [
				{
					"listen": "test",
					"script": {
						"exec": [
							"pm.test(\"Status test\", function () {",
							"    pm.response.to.have.status(204);",
							"});",
							""
						],
						"type": "text/javascript"
					}
				}
			],
			"request": {
				"method": "PUT",
				"header": [],
				"url": {
					"raw": "{{url}}/star",
					"host": [
						"{{url}}"
					],
					"path": [
						"star"
					]
				}
			},
			"response": []
		},
		{
			"name": "Can add a star to a Gist-5",
			"event": [
				{
					"listen": "test",
					"script": {
						"exec": [
							"pm.test(\"The file is starred\", function () {",
							"    pm.response.to.have.status(204);",
							"});"
						],
						"type": "text/javascript"
					}
				}
			],
			"request": {
				"method": "GET",
				"header": [],
				"url": {
					"raw": "{{url}}/star",
					"host": [
						"{{url}}"
					],
					"path": [
						"star"
					]
				}
			},
			"response": []
		},
		{
			"name": "The list of all starred Gists associated with the token contain the Gist you starred in #6-1",
			"event": [
				{
					"listen": "test",
					"script": {
						"exec": [
							"pm.test(\"Status test\", function () {",
							"    pm.response.to.have.status(200);",
							"});",
							"",
							"pm.test(\"The file we just starred is presented in the starred file list.\", function () {",
							"    for(var i=0; i<pm.response.json().length; i++){",
							"        pm.expect(pm.response.json()[i].url).to.deep.equal(pm.environment.get(\"url\"));",
							"    }",
							"});"
						],
						"type": "text/javascript"
					}
				}
			],
			"request": {
				"method": "GET",
				"header": [],
				"url": {
					"raw": "https://api.github.com/gists/starred",
					"protocol": "https",
					"host": [
						"api",
						"github",
						"com"
					],
					"path": [
						"gists",
						"starred"
					]
				}
			},
			"response": []
		},
		{
			"name": "Can remove a star from a Gist-1",
			"event": [
				{
					"listen": "test",
					"script": {
						"exec": [
							"pm.test(\"The file is starred\", function () {",
							"    pm.response.to.have.status(204);",
							"});"
						],
						"type": "text/javascript"
					}
				}
			],
			"request": {
				"method": "GET",
				"header": [],
				"url": {
					"raw": "{{url}}/star",
					"host": [
						"{{url}}"
					],
					"path": [
						"star"
					]
				}
			},
			"response": []
		},
		{
			"name": "Can remove a star from a Gist-2",
			"event": [
				{
					"listen": "test",
					"script": {
						"exec": [
							"pm.test(\"Status test\", function () {",
							"    pm.response.to.have.status(204);",
							"});"
						],
						"type": "text/javascript"
					}
				}
			],
			"request": {
				"method": "DELETE",
				"header": [],
				"url": {
					"raw": "{{url}}/star",
					"host": [
						"{{url}}"
					],
					"path": [
						"star"
					]
				}
			},
			"response": []
		},
		{
			"name": "Can remove a star from a Gist-3",
			"event": [
				{
					"listen": "test",
					"script": {
						"exec": [
							"pm.test(\"The gist is unstarred\", function () {",
							"    pm.response.to.have.status(404);",
							"});"
						],
						"type": "text/javascript"
					}
				}
			],
			"request": {
				"method": "GET",
				"header": [],
				"url": {
					"raw": "{{url}}/star",
					"host": [
						"{{url}}"
					],
					"path": [
						"star"
					]
				}
			},
			"response": []
		},
		{
			"name": "Can delete a Gist-1",
			"event": [
				{
					"listen": "test",
					"script": {
						"exec": [
							"pm.test(\"The gist is existed\", function () {",
							"    pm.response.to.have.status(200);",
							"});"
						],
						"type": "text/javascript"
					}
				}
			],
			"request": {
				"method": "GET",
				"header": [],
				"url": {
					"raw": "{{url}}",
					"host": [
						"{{url}}"
					]
				}
			},
			"response": []
		},
		{
			"name": "Can delete a Gist-2",
			"event": [
				{
					"listen": "test",
					"script": {
						"exec": [
							"pm.test(\"statu test\", function () {",
							"    pm.response.to.have.status(204);",
							"});"
						],
						"type": "text/javascript"
					}
				}
			],
			"request": {
				"method": "DELETE",
				"header": [],
				"url": {
					"raw": "{{url}}",
					"host": [
						"{{url}}"
					]
				}
			},
			"response": []
		},
		{
			"name": "Can delete a Gist-3",
			"event": [
				{
					"listen": "test",
					"script": {
						"exec": [
							"pm.test(\"The gist is no longer existed\", function () {",
							"    pm.response.to.have.status(404);",
							"});"
						],
						"type": "text/javascript"
					}
				}
			],
			"request": {
				"method": "GET",
				"header": [],
				"url": {
					"raw": "{{url}}",
					"host": [
						"{{url}}"
					]
				}
			},
			"response": []
		}
	],
	"auth": {
		"type": "bearer",
		"bearer": [
			{
				"key": "token",
				"value": "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",
				"type": "string"
			}
		]
	},
	"event": [
		{
			"listen": "prerequest",
			"script": {
				"type": "text/javascript",
				"exec": [
					""
				]
			}
		},
		{
			"listen": "test",
			"script": {
				"type": "text/javascript",
				"exec": [
					""
				]
			}
		}
	],
	"variable": [
		{
			"key": "token",
			"value": "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"
		}
	]
}