{
	"info": {
		"_postman_id": "dae5abf0-deb5-4fed-8c1e-7307087dd265",
		"name": "hw5-linxinw",
		"schema": "https://schema.getpostman.com/json/collection/v2.1.0/collection.json"
	},
	"item": [
		{
			"name": "Create Boat1",
			"event": [
				{
					"listen": "test",
					"script": {
						"exec": [
							"//Set boat id environment variable from response",
							"pm.environment.set(\"boat_id_1\", pm.response.json()[\"id\"]);",
							"",
							"pm.test(\"200 status code\", function () {",
							"    pm.response.to.have.status(200);",
							"});"
						],
						"type": "text/javascript"
					}
				}
			],
			"request": {
				"method": "POST",
				"header": [],
				"body": {
					"mode": "raw",
					"raw": "{\n  \"name\": \"TTTT\",\n  \"type\": \"Catamaran\",\n  \"length\": 28\n}",
					"options": {
						"raw": {
							"language": "json"
						}
					}
				},
				"url": {
					"raw": "{{app_url}}/boats",
					"host": [
						"{{app_url}}"
					],
					"path": [
						"boats"
					]
				}
			},
			"response": []
		},
		{
			"name": "Create a Boat (with duplicated name)",
			"event": [
				{
					"listen": "test",
					"script": {
						"exec": [
							"pm.test(\"403 status code\", function () {",
							"    pm.response.to.have.status(403);",
							"});"
						],
						"type": "text/javascript"
					}
				}
			],
			"request": {
				"method": "POST",
				"header": [],
				"body": {
					"mode": "raw",
					"raw": "{\n  \"name\": \"TTTT\",\n  \"type\": \"Catamaran\",\n  \"length\": 28\n}",
					"options": {
						"raw": {
							"language": "json"
						}
					}
				},
				"url": {
					"raw": "{{app_url}}/boats",
					"host": [
						"{{app_url}}"
					],
					"path": [
						"boats"
					]
				}
			},
			"response": []
		},
		{
			"name": "Create a Boat (with missing attribute)",
			"event": [
				{
					"listen": "test",
					"script": {
						"exec": [
							"pm.test(\"400 status code\", function () {",
							"    pm.response.to.have.status(400);",
							"});"
						],
						"type": "text/javascript"
					}
				}
			],
			"request": {
				"method": "POST",
				"header": [],
				"body": {
					"mode": "raw",
					"raw": "{\n  \"name\": \"Witch\",\n  \"length\": 9\n}",
					"options": {
						"raw": {
							"language": "json"
						}
					}
				},
				"url": {
					"raw": "{{app_url}}/boats",
					"host": [
						"{{app_url}}"
					],
					"path": [
						"boats"
					]
				}
			},
			"response": []
		},
		{
			"name": "Create a Boat (with Accept unsupported content-Type)",
			"event": [
				{
					"listen": "test",
					"script": {
						"exec": [
							"pm.test(\"406 status code\", function () {",
							"    pm.response.to.have.status(406);",
							"});"
						],
						"type": "text/javascript"
					}
				}
			],
			"protocolProfileBehavior": {
				"disabledSystemHeaders": {
					"accept": true
				}
			},
			"request": {
				"method": "POST",
				"header": [
					{
						"key": "Accept",
						"value": "text/html",
						"type": "text"
					}
				],
				"body": {
					"mode": "raw",
					"raw": "{\n  \"name\": \"Sea Witch\",\n  \"type\": \"Catamaran\",\n  \"length\": 28\n}",
					"options": {
						"raw": {
							"language": "json"
						}
					}
				},
				"url": {
					"raw": "{{app_url}}/boats?Content%3DType=text/html",
					"host": [
						"{{app_url}}"
					],
					"path": [
						"boats"
					],
					"query": [
						{
							"key": "Content%3DType",
							"value": "text/html"
						}
					]
				}
			},
			"response": []
		},
		{
			"name": "Create a Boat (with unsupported content-Type body)",
			"event": [
				{
					"listen": "test",
					"script": {
						"exec": [
							"pm.test(\"415 status code\", function () {",
							"    pm.response.to.have.status(415);",
							"});"
						],
						"type": "text/javascript"
					}
				}
			],
			"protocolProfileBehavior": {
				"disabledSystemHeaders": {}
			},
			"request": {
				"method": "POST",
				"header": [],
				"body": {
					"mode": "raw",
					"raw": "<p2>\"name\": \"Sea Witch\" </p2>\n<p2>\"type\": \"Catamaran\" </p2>\n<a> \"length\": 28 </a>",
					"options": {
						"raw": {
							"language": "html"
						}
					}
				},
				"url": {
					"raw": "{{app_url}}/boats?Content%3DType=text/html",
					"host": [
						"{{app_url}}"
					],
					"path": [
						"boats"
					],
					"query": [
						{
							"key": "Content%3DType",
							"value": "text/html"
						}
					]
				}
			},
			"response": []
		},
		{
			"name": "Create Boat2",
			"event": [
				{
					"listen": "test",
					"script": {
						"exec": [
							"//Set boat id environment variable from response",
							"pm.environment.set(\"boat_id_2\", pm.response.json()[\"id\"]);",
							"",
							"pm.test(\"200 status code\", function () {",
							"    pm.response.to.have.status(200);",
							"});"
						],
						"type": "text/javascript"
					}
				}
			],
			"request": {
				"method": "POST",
				"header": [],
				"body": {
					"mode": "raw",
					"raw": "{\n  \"name\": \"Sea\",\n  \"type\": \"Catamaran\",\n  \"length\": 28\n}",
					"options": {
						"raw": {
							"language": "json"
						}
					}
				},
				"url": {
					"raw": "{{app_url}}/boats",
					"host": [
						"{{app_url}}"
					],
					"path": [
						"boats"
					]
				}
			},
			"response": []
		},
		{
			"name": "Edit a Boat",
			"event": [
				{
					"listen": "test",
					"script": {
						"exec": [
							"pm.test(\"200 status code\", function () {",
							"    pm.response.to.have.status(200);",
							"});"
						],
						"type": "text/javascript"
					}
				}
			],
			"protocolProfileBehavior": {
				"disabledSystemHeaders": {}
			},
			"request": {
				"method": "PATCH",
				"header": [],
				"body": {
					"mode": "raw",
					"raw": "{\n  \"length\": 6\n}",
					"options": {
						"raw": {
							"language": "json"
						}
					}
				},
				"url": {
					"raw": "{{app_url}}/boats/{{boat_id_1}}",
					"host": [
						"{{app_url}}"
					],
					"path": [
						"boats",
						"{{boat_id_1}}"
					]
				}
			},
			"response": []
		},
		{
			"name": "Edit a Boat (with invalid ID)",
			"event": [
				{
					"listen": "test",
					"script": {
						"exec": [
							"pm.test(\"404 status code\", function () {",
							"    pm.response.to.have.status(404);",
							"});"
						],
						"type": "text/javascript"
					}
				}
			],
			"protocolProfileBehavior": {
				"disabledSystemHeaders": {}
			},
			"request": {
				"method": "PATCH",
				"header": [],
				"body": {
					"mode": "raw",
					"raw": "{\n  \"length\": 5\n}",
					"options": {
						"raw": {
							"language": "json"
						}
					}
				},
				"url": {
					"raw": "{{app_url}}/boats/1",
					"host": [
						"{{app_url}}"
					],
					"path": [
						"boats",
						"1"
					]
				}
			},
			"response": []
		},
		{
			"name": "Edit a Boat (with duplicated name)",
			"event": [
				{
					"listen": "test",
					"script": {
						"exec": [
							"pm.test(\"403 status code\", function () {",
							"    pm.response.to.have.status(403);",
							"});"
						],
						"type": "text/javascript"
					}
				}
			],
			"protocolProfileBehavior": {
				"disabledSystemHeaders": {}
			},
			"request": {
				"method": "PATCH",
				"header": [],
				"body": {
					"mode": "raw",
					"raw": "{\n    \"name\": \"Sea\"\n}",
					"options": {
						"raw": {
							"language": "json"
						}
					}
				},
				"url": {
					"raw": "{{app_url}}/boats/{{boat_id_1}}",
					"host": [
						"{{app_url}}"
					],
					"path": [
						"boats",
						"{{boat_id_1}}"
					]
				}
			},
			"response": []
		},
		{
			"name": "Edit a Boat (trying to edit ID)",
			"event": [
				{
					"listen": "test",
					"script": {
						"exec": [
							"pm.test(\"400 status code\", function () {",
							"    pm.response.to.have.status(400);",
							"});"
						],
						"type": "text/javascript"
					}
				}
			],
			"protocolProfileBehavior": {
				"disabledSystemHeaders": {}
			},
			"request": {
				"method": "PATCH",
				"header": [],
				"body": {
					"mode": "raw",
					"raw": "{\n    \"id\": \"abc1235\"\n}",
					"options": {
						"raw": {
							"language": "json"
						}
					}
				},
				"url": {
					"raw": "{{app_url}}/boats/{{boat_id_1}}",
					"host": [
						"{{app_url}}"
					],
					"path": [
						"boats",
						"{{boat_id_1}}"
					]
				}
			},
			"response": []
		},
		{
			"name": "Edit a Boat (with empty body)",
			"event": [
				{
					"listen": "test",
					"script": {
						"exec": [
							"pm.test(\"400 status code\", function () {",
							"    pm.response.to.have.status(400);",
							"});"
						],
						"type": "text/javascript"
					}
				}
			],
			"protocolProfileBehavior": {
				"disabledSystemHeaders": {}
			},
			"request": {
				"method": "PATCH",
				"header": [],
				"body": {
					"mode": "raw",
					"raw": "{\n    \n}",
					"options": {
						"raw": {
							"language": "json"
						}
					}
				},
				"url": {
					"raw": "{{app_url}}/boats/{{boat_id_1}}",
					"host": [
						"{{app_url}}"
					],
					"path": [
						"boats",
						"{{boat_id_1}}"
					]
				}
			},
			"response": []
		},
		{
			"name": "Edit a Boat (with Accept unsupported content type)",
			"event": [
				{
					"listen": "test",
					"script": {
						"exec": [
							"pm.test(\"406 status code\", function () {",
							"    pm.response.to.have.status(406);",
							"});"
						],
						"type": "text/javascript"
					}
				}
			],
			"protocolProfileBehavior": {
				"disabledSystemHeaders": {
					"accept": true
				}
			},
			"request": {
				"method": "PATCH",
				"header": [
					{
						"key": "Accept",
						"value": "text/html",
						"type": "text"
					}
				],
				"body": {
					"mode": "raw",
					"raw": "{\n    \"name\": \"Hello world\"\n}",
					"options": {
						"raw": {
							"language": "json"
						}
					}
				},
				"url": {
					"raw": "{{app_url}}/boats/{{boat_id_1}}",
					"host": [
						"{{app_url}}"
					],
					"path": [
						"boats",
						"{{boat_id_1}}"
					]
				}
			},
			"response": []
		},
		{
			"name": "Edit a Boat (with unsupported content type body)",
			"event": [
				{
					"listen": "test",
					"script": {
						"exec": [
							"pm.test(\"415 status code\", function () {",
							"    pm.response.to.have.status(415);",
							"});"
						],
						"type": "text/javascript"
					}
				}
			],
			"protocolProfileBehavior": {
				"disabledSystemHeaders": {
					"accept": true
				}
			},
			"request": {
				"method": "PATCH",
				"header": [
					{
						"key": "Accept",
						"value": "text/html",
						"type": "text"
					}
				],
				"body": {
					"mode": "raw",
					"raw": "{\n    \"name\": \"Hello world\"\n}",
					"options": {
						"raw": {
							"language": "html"
						}
					}
				},
				"url": {
					"raw": "{{app_url}}/boats/{{boat_id_1}}",
					"host": [
						"{{app_url}}"
					],
					"path": [
						"boats",
						"{{boat_id_1}}"
					]
				}
			},
			"response": []
		},
		{
			"name": "Put a Boat",
			"event": [
				{
					"listen": "test",
					"script": {
						"exec": [
							"pm.test(\"303 status code\", function () {",
							"    pm.response.to.have.status(303);",
							"});"
						],
						"type": "text/javascript"
					}
				}
			],
			"protocolProfileBehavior": {
				"disabledSystemHeaders": {}
			},
			"request": {
				"method": "PUT",
				"header": [],
				"body": {
					"mode": "raw",
					"raw": "{\n    \"name\": \"Shell\",\n    \"type\": \"Catamaran\",\n    \"length\": 19\n}",
					"options": {
						"raw": {
							"language": "json"
						}
					}
				},
				"url": {
					"raw": "{{app_url}}/boats/{{boat_id_1}}",
					"host": [
						"{{app_url}}"
					],
					"path": [
						"boats",
						"{{boat_id_1}}"
					]
				}
			},
			"response": []
		},
		{
			"name": "Put a Boat (with invalid ID)",
			"event": [
				{
					"listen": "test",
					"script": {
						"exec": [
							"pm.test(\"404 status code\", function () {",
							"    pm.response.to.have.status(404);",
							"});"
						],
						"type": "text/javascript"
					}
				}
			],
			"protocolProfileBehavior": {
				"disabledSystemHeaders": {}
			},
			"request": {
				"method": "PUT",
				"header": [],
				"body": {
					"mode": "raw",
					"raw": "{\n    \"name\": \"Sea shell\",\n    \"type\": \"Catamaran\",\n    \"length\": 19\n}",
					"options": {
						"raw": {
							"language": "json"
						}
					}
				},
				"url": {
					"raw": "{{app_url}}/boats/1",
					"host": [
						"{{app_url}}"
					],
					"path": [
						"boats",
						"1"
					]
				}
			},
			"response": []
		},
		{
			"name": "Put a Boat (with duplicated name)",
			"event": [
				{
					"listen": "test",
					"script": {
						"exec": [
							"pm.test(\"403 status code\", function () {",
							"    pm.response.to.have.status(403);",
							"});"
						],
						"type": "text/javascript"
					}
				}
			],
			"protocolProfileBehavior": {
				"disabledSystemHeaders": {}
			},
			"request": {
				"method": "PUT",
				"header": [],
				"body": {
					"mode": "raw",
					"raw": "{\n    \"name\": \"Sea\",\n    \"type\": \"Catamaran\",\n    \"length\": 19\n}",
					"options": {
						"raw": {
							"language": "json"
						}
					}
				},
				"url": {
					"raw": "{{app_url}}/boats/{{boat_id_1}}",
					"host": [
						"{{app_url}}"
					],
					"path": [
						"boats",
						"{{boat_id_1}}"
					]
				}
			},
			"response": []
		},
		{
			"name": "Put a Boat (trying to edit ID)",
			"event": [
				{
					"listen": "test",
					"script": {
						"exec": [
							"pm.test(\"400 status code\", function () {",
							"    pm.response.to.have.status(400);",
							"});"
						],
						"type": "text/javascript"
					}
				}
			],
			"protocolProfileBehavior": {
				"disabledSystemHeaders": {}
			},
			"request": {
				"method": "PUT",
				"header": [],
				"body": {
					"mode": "raw",
					"raw": "{\n    \"id\": \"abc12835\",\n    \"name\": \"S\",\n    \"type\": \"Catamaran\",\n    \"length\": 19\n}",
					"options": {
						"raw": {
							"language": "json"
						}
					}
				},
				"url": {
					"raw": "{{app_url}}/boats/{{boat_id_1}}",
					"host": [
						"{{app_url}}"
					],
					"path": [
						"boats",
						"{{boat_id_1}}"
					]
				}
			},
			"response": []
		},
		{
			"name": "Put a Boat (with empty body)",
			"event": [
				{
					"listen": "test",
					"script": {
						"exec": [
							"pm.test(\"400 status code\", function () {",
							"    pm.response.to.have.status(400);",
							"});"
						],
						"type": "text/javascript"
					}
				}
			],
			"protocolProfileBehavior": {
				"disabledSystemHeaders": {}
			},
			"request": {
				"method": "PUT",
				"header": [],
				"body": {
					"mode": "raw",
					"raw": "{\n\n}",
					"options": {
						"raw": {
							"language": "json"
						}
					}
				},
				"url": {
					"raw": "{{app_url}}/boats/{{boat_id_1}}",
					"host": [
						"{{app_url}}"
					],
					"path": [
						"boats",
						"{{boat_id_1}}"
					]
				}
			},
			"response": []
		},
		{
			"name": "Put a Boat (with Accept unsupported content type)",
			"event": [
				{
					"listen": "test",
					"script": {
						"exec": [
							"pm.test(\"406 status code\", function () {",
							"    pm.response.to.have.status(406);",
							"});"
						],
						"type": "text/javascript"
					}
				}
			],
			"protocolProfileBehavior": {
				"disabledSystemHeaders": {
					"accept": true
				}
			},
			"request": {
				"method": "PUT",
				"header": [
					{
						"key": "Accept",
						"value": "text/html",
						"type": "text"
					}
				],
				"body": {
					"mode": "raw",
					"raw": "{\n    \"name\": \"Sea shell\",\n    \"type\": \"Catamaran\",\n    \"length\": 19\n}",
					"options": {
						"raw": {
							"language": "json"
						}
					}
				},
				"url": {
					"raw": "{{app_url}}/boats/{{boat_id_1}}",
					"host": [
						"{{app_url}}"
					],
					"path": [
						"boats",
						"{{boat_id_1}}"
					]
				}
			},
			"response": []
		},
		{
			"name": "Put a Boat (with unsupported content type body)",
			"event": [
				{
					"listen": "test",
					"script": {
						"exec": [
							"pm.test(\"415 status code\", function () {",
							"    pm.response.to.have.status(415);",
							"});"
						],
						"type": "text/javascript"
					}
				}
			],
			"protocolProfileBehavior": {
				"disabledSystemHeaders": {
					"accept": true
				}
			},
			"request": {
				"method": "PUT",
				"header": [
					{
						"key": "Accept",
						"value": "text/html",
						"type": "text"
					}
				],
				"body": {
					"mode": "raw",
					"raw": "{\n    \"name\": \"Sea shell\",\n    \"type\": \"Catamaran\",\n    \"length\": 19\n}",
					"options": {
						"raw": {
							"language": "html"
						}
					}
				},
				"url": {
					"raw": "{{app_url}}/boats/{{boat_id_1}}",
					"host": [
						"{{app_url}}"
					],
					"path": [
						"boats",
						"{{boat_id_1}}"
					]
				}
			},
			"response": []
		},
		{
			"name": "View Boat1",
			"event": [
				{
					"listen": "test",
					"script": {
						"exec": [
							"pm.test(\"200 status code\", function () {",
							"    pm.response.to.have.status(200);",
							"});"
						],
						"type": "text/javascript"
					}
				}
			],
			"protocolProfileBehavior": {
				"disableBodyPruning": true,
				"disabledSystemHeaders": {}
			},
			"request": {
				"method": "GET",
				"header": [],
				"body": {
					"mode": "raw",
					"raw": ""
				},
				"url": {
					"raw": "{{app_url}}/boats/{{boat_id_1}}",
					"host": [
						"{{app_url}}"
					],
					"path": [
						"boats",
						"{{boat_id_1}}"
					]
				}
			},
			"response": []
		},
		{
			"name": "View Boat1 (accept application/json)",
			"event": [
				{
					"listen": "test",
					"script": {
						"exec": [
							"pm.test(\"200 status code\", function () {",
							"    pm.response.to.have.status(200);",
							"});"
						],
						"type": "text/javascript"
					}
				}
			],
			"protocolProfileBehavior": {
				"disableBodyPruning": true,
				"disabledSystemHeaders": {
					"accept": true
				}
			},
			"request": {
				"method": "GET",
				"header": [
					{
						"key": "Accept",
						"value": "application/json",
						"type": "text"
					}
				],
				"body": {
					"mode": "raw",
					"raw": ""
				},
				"url": {
					"raw": "{{app_url}}/boats/{{boat_id_1}}",
					"host": [
						"{{app_url}}"
					],
					"path": [
						"boats",
						"{{boat_id_1}}"
					]
				}
			},
			"response": []
		},
		{
			"name": "View Boat1 (accept text/html)",
			"event": [
				{
					"listen": "test",
					"script": {
						"exec": [
							"pm.test(\"200 status code\", function () {",
							"    pm.response.to.have.status(200);",
							"});"
						],
						"type": "text/javascript"
					}
				}
			],
			"protocolProfileBehavior": {
				"disableBodyPruning": true,
				"disabledSystemHeaders": {
					"accept": true
				}
			},
			"request": {
				"method": "GET",
				"header": [
					{
						"key": "Accept",
						"value": "text/html",
						"type": "text"
					}
				],
				"body": {
					"mode": "raw",
					"raw": ""
				},
				"url": {
					"raw": "{{app_url}}/boats/{{boat_id_1}}",
					"host": [
						"{{app_url}}"
					],
					"path": [
						"boats",
						"{{boat_id_1}}"
					]
				}
			},
			"response": []
		},
		{
			"name": "View Boat1 (with unsupported content type)",
			"event": [
				{
					"listen": "test",
					"script": {
						"exec": [
							"pm.test(\"406 status code\", function () {",
							"    pm.response.to.have.status(406);",
							"});"
						],
						"type": "text/javascript"
					}
				}
			],
			"protocolProfileBehavior": {
				"disableBodyPruning": true,
				"disabledSystemHeaders": {
					"accept": true
				}
			},
			"request": {
				"method": "GET",
				"header": [
					{
						"key": "Accept",
						"value": "text/plain",
						"type": "text"
					}
				],
				"body": {
					"mode": "raw",
					"raw": ""
				},
				"url": {
					"raw": "{{app_url}}/boats/{{boat_id_1}}",
					"host": [
						"{{app_url}}"
					],
					"path": [
						"boats",
						"{{boat_id_1}}"
					]
				}
			},
			"response": []
		},
		{
			"name": "View Boat1 (with boat_id not existed)",
			"event": [
				{
					"listen": "test",
					"script": {
						"exec": [
							"pm.test(\"404 status code\", function () {",
							"    pm.response.to.have.status(404);",
							"});"
						],
						"type": "text/javascript"
					}
				}
			],
			"protocolProfileBehavior": {
				"disableBodyPruning": true,
				"disabledSystemHeaders": {}
			},
			"request": {
				"method": "GET",
				"header": [],
				"body": {
					"mode": "raw",
					"raw": ""
				},
				"url": {
					"raw": "{{app_url}}/boats/1",
					"host": [
						"{{app_url}}"
					],
					"path": [
						"boats",
						"1"
					]
				}
			},
			"response": []
		},
		{
			"name": "Delete Boat1",
			"event": [
				{
					"listen": "test",
					"script": {
						"exec": [
							"pm.test(\"204 status code\", function () {",
							"    pm.response.to.have.status(204);",
							"});"
						],
						"type": "text/javascript"
					}
				}
			],
			"request": {
				"method": "DELETE",
				"header": [],
				"url": {
					"raw": "{{app_url}}/boats/{{boat_id_1}}",
					"host": [
						"{{app_url}}"
					],
					"path": [
						"boats",
						"{{boat_id_1}}"
					]
				}
			},
			"response": []
		},
		{
			"name": "Delete Boat2",
			"event": [
				{
					"listen": "test",
					"script": {
						"exec": [
							"pm.test(\"204 status code\", function () {",
							"    pm.response.to.have.status(204);",
							"});"
						],
						"type": "text/javascript"
					}
				}
			],
			"request": {
				"method": "DELETE",
				"header": [],
				"url": {
					"raw": "{{app_url}}/boats/{{boat_id_2}}",
					"host": [
						"{{app_url}}"
					],
					"path": [
						"boats",
						"{{boat_id_2}}"
					]
				}
			},
			"response": []
		},
		{
			"name": "Delete a Boat (with the boat has been deleted already)",
			"event": [
				{
					"listen": "test",
					"script": {
						"exec": [
							"pm.test(\"404 status code\", function () {",
							"    pm.response.to.have.status(404);",
							"});"
						],
						"type": "text/javascript"
					}
				}
			],
			"request": {
				"method": "DELETE",
				"header": [],
				"url": {
					"raw": "{{app_url}}/boats/{{boat_id_1}}",
					"host": [
						"{{app_url}}"
					],
					"path": [
						"boats",
						"{{boat_id_1}}"
					]
				}
			},
			"response": []
		},
		{
			"name": "Delete a Boat (with invalid ID)",
			"event": [
				{
					"listen": "test",
					"script": {
						"exec": [
							"pm.test(\"404 status code\", function () {",
							"    pm.response.to.have.status(404);",
							"});"
						],
						"type": "text/javascript"
					}
				}
			],
			"request": {
				"method": "DELETE",
				"header": [],
				"url": {
					"raw": "{{app_url}}/boats/1",
					"host": [
						"{{app_url}}"
					],
					"path": [
						"boats",
						"1"
					]
				}
			},
			"response": []
		},
		{
			"name": "Delete a Boat (with unsupported content type)",
			"event": [
				{
					"listen": "test",
					"script": {
						"exec": [
							"pm.test(\"406 status code\", function () {",
							"    pm.response.to.have.status(406);",
							"});"
						],
						"type": "text/javascript"
					}
				}
			],
			"protocolProfileBehavior": {
				"disabledSystemHeaders": {
					"accept": true
				}
			},
			"request": {
				"method": "DELETE",
				"header": [
					{
						"key": "Accept",
						"value": "text/html",
						"type": "text"
					}
				],
				"url": {
					"raw": "{{app_url}}/boats/{{boat_id_1}}",
					"host": [
						"{{app_url}}"
					],
					"path": [
						"boats",
						"{{boat_id_1}}"
					]
				}
			},
			"response": []
		},
		{
			"name": "Using PUT on root boat URL",
			"event": [
				{
					"listen": "test",
					"script": {
						"exec": [
							"pm.test(\"405 status code\", function () {",
							"    pm.response.to.have.status(405);",
							"});"
						],
						"type": "text/javascript"
					}
				}
			],
			"request": {
				"method": "PUT",
				"header": [],
				"body": {
					"mode": "raw",
					"raw": "{\n    \"name\": \"Shell\",\n    \"type\": \"Catamaran\",\n    \"length\": 19\n}",
					"options": {
						"raw": {
							"language": "json"
						}
					}
				},
				"url": {
					"raw": "{{app_url}}/boats",
					"host": [
						"{{app_url}}"
					],
					"path": [
						"boats"
					]
				}
			},
			"response": []
		},
		{
			"name": "Using DELETE on root boat URL Copy",
			"event": [
				{
					"listen": "test",
					"script": {
						"exec": [
							"pm.test(\"405 status code\", function () {",
							"    pm.response.to.have.status(405);",
							"});"
						],
						"type": "text/javascript"
					}
				}
			],
			"request": {
				"method": "DELETE",
				"header": [],
				"url": {
					"raw": "{{app_url}}/boats",
					"host": [
						"{{app_url}}"
					],
					"path": [
						"boats"
					]
				}
			},
			"response": []
		}
	]
}