{
	"info": {
		"_postman_id": "7913e5b3-ad4f-4d15-9b06-9ab9a71f8c4e",
		"name": "hw7-linxinw",
		"schema": "https://schema.getpostman.com/json/collection/v2.1.0/collection.json"
	},
	"item": [
		{
			"name": "Login user 1",
			"event": [
				{
					"listen": "test",
					"script": {
						"exec": [
							"pm.test(\"200 status code\", function () {",
							"    pm.response.to.have.status(200);",
							"});",
							"",
							"pm.environment.set(\"user1_id_token\", pm.response.json()[\"id_token\"]);"
						],
						"type": "text/javascript"
					}
				}
			],
			"request": {
				"auth": {
					"type": "noauth"
				},
				"method": "POST",
				"header": [],
				"body": {
					"mode": "raw",
					"raw": "{\n    \"username\": \"13566811698@outlook.com\",\n    \"password\": \"Linxinwei34\"\n}",
					"options": {
						"raw": {
							"language": "json"
						}
					}
				},
				"url": {
					"raw": "{{host}}/login",
					"host": [
						"{{host}}"
					],
					"path": [
						"login"
					]
				}
			},
			"response": []
		},
		{
			"name": "Login user 2",
			"event": [
				{
					"listen": "test",
					"script": {
						"exec": [
							"pm.test(\"200 status code\", function () {",
							"    pm.response.to.have.status(200);",
							"});",
							"",
							"pm.environment.set(\"user2_id_token\", pm.response.json()[\"id_token\"]);"
						],
						"type": "text/javascript"
					}
				},
				{
					"listen": "prerequest",
					"script": {
						"exec": [
							""
						],
						"type": "text/javascript"
					}
				}
			],
			"request": {
				"auth": {
					"type": "noauth"
				},
				"method": "POST",
				"header": [],
				"body": {
					"mode": "raw",
					"raw": "{\n    \"username\": \"807136439@qq.com\",\n    \"password\": \"Linxinwei34\"\n}",
					"options": {
						"raw": {
							"language": "json"
						}
					}
				},
				"url": {
					"raw": "{{host}}/login",
					"host": [
						"{{host}}"
					],
					"path": [
						"login"
					]
				}
			},
			"response": []
		},
		{
			"name": "user 1 create new boat",
			"event": [
				{
					"listen": "test",
					"script": {
						"exec": [
							"pm.test(\"201 status code\", function () {",
							"    pm.response.to.have.status(201);",
							"});",
							"",
							"pm.environment.set(\"user1_owner_id\", pm.response.json()[\"owner\"]);",
							"pm.environment.set(\"user1_boat_id\", pm.response.json()[\"id\"]);"
						],
						"type": "text/javascript"
					}
				}
			],
			"request": {
				"method": "POST",
				"header": [],
				"body": {
					"mode": "raw",
					"raw": "{\n    \"name\": \"happy boat\",\n    \"type\": \"Catamaran\",\n    \"length\": \"28\",\n    \"public\": true\n}",
					"options": {
						"raw": {
							"language": "json"
						}
					}
				},
				"url": {
					"raw": "{{host}}/boats",
					"host": [
						"{{host}}"
					],
					"path": [
						"boats"
					]
				}
			},
			"response": []
		},
		{
			"name": "user 1 create new boat with public: false",
			"event": [
				{
					"listen": "test",
					"script": {
						"exec": [
							"pm.test(\"201 status code\", function () {",
							"    pm.response.to.have.status(201);",
							"});",
							"",
							"pm.environment.set(\"user1_owner_id\", pm.response.json()[\"owner\"]);",
							"pm.environment.set(\"user1_boat_id\", pm.response.json()[\"id\"]);"
						],
						"type": "text/javascript"
					}
				}
			],
			"request": {
				"method": "POST",
				"header": [],
				"body": {
					"mode": "raw",
					"raw": "{\n    \"name\": \"happy boat\",\n    \"type\": \"Catamaran\",\n    \"length\": \"28\",\n    \"public\": false\n}",
					"options": {
						"raw": {
							"language": "json"
						}
					}
				},
				"url": {
					"raw": "{{host}}/boats",
					"host": [
						"{{host}}"
					],
					"path": [
						"boats"
					]
				}
			},
			"response": []
		},
		{
			"name": "user 2 create new boat",
			"event": [
				{
					"listen": "test",
					"script": {
						"exec": [
							"pm.test(\"201 status code\", function () {",
							"    pm.response.to.have.status(201);",
							"});",
							"",
							"pm.environment.set(\"user2_owner_id\", pm.response.json()[\"owner\"]);",
							"pm.environment.set(\"user2_boat_id\", pm.response.json()[\"id\"]);"
						],
						"type": "text/javascript"
					}
				}
			],
			"request": {
				"auth": {
					"type": "bearer",
					"bearer": [
						{
							"key": "token",
							"value": "{{user2_id_token}}",
							"type": "string"
						}
					]
				},
				"method": "POST",
				"header": [],
				"body": {
					"mode": "raw",
					"raw": "{\n    \"name\": \"happy boat\",\n    \"type\": \"Catamaran\",\n    \"length\": \"28\",\n    \"public\": true\n}",
					"options": {
						"raw": {
							"language": "json"
						}
					}
				},
				"url": {
					"raw": "{{host}}/boats",
					"host": [
						"{{host}}"
					],
					"path": [
						"boats"
					]
				}
			},
			"response": []
		},
		{
			"name": "user 1 create new boat (missing JWT)",
			"event": [
				{
					"listen": "test",
					"script": {
						"exec": [
							"pm.test(\"401 status code\", function () {",
							"    pm.response.to.have.status(401);",
							"});"
						],
						"type": "text/javascript"
					}
				}
			],
			"request": {
				"auth": {
					"type": "noauth"
				},
				"method": "POST",
				"header": [],
				"body": {
					"mode": "raw",
					"raw": "{\n    \"name\": \"happy boat\",\n    \"type\": \"Catamaran\",\n    \"length\": \"28\",\n    \"public\": true\n}",
					"options": {
						"raw": {
							"language": "json"
						}
					}
				},
				"url": {
					"raw": "{{host}}/boats",
					"host": [
						"{{host}}"
					],
					"path": [
						"boats"
					]
				}
			},
			"response": []
		},
		{
			"name": "user 1 create new boat (invalid auth)",
			"event": [
				{
					"listen": "test",
					"script": {
						"exec": [
							"pm.test(\"401 status code\", function () {",
							"    pm.response.to.have.status(401);",
							"});"
						],
						"type": "text/javascript"
					}
				}
			],
			"request": {
				"auth": {
					"type": "bearer",
					"bearer": [
						{
							"key": "token",
							"value": "123",
							"type": "string"
						}
					]
				},
				"method": "POST",
				"header": [],
				"body": {
					"mode": "raw",
					"raw": "{\n    \"name\": \"happy boat\",\n    \"type\": \"Catamaran\",\n    \"length\": \"28\",\n    \"public\": true\n}",
					"options": {
						"raw": {
							"language": "json"
						}
					}
				},
				"url": {
					"raw": "{{host}}/boats",
					"host": [
						"{{host}}"
					],
					"path": [
						"boats"
					]
				}
			},
			"response": []
		},
		{
			"name": "view user1's public boats",
			"event": [
				{
					"listen": "test",
					"script": {
						"exec": [
							"pm.test(\"200 status code\", function () {",
							"    pm.response.to.have.status(200);",
							"});"
						],
						"type": "text/javascript"
					}
				}
			],
			"protocolProfileBehavior": {
				"disableBodyPruning": true
			},
			"request": {
				"method": "GET",
				"header": [],
				"body": {
					"mode": "raw",
					"raw": "",
					"options": {
						"raw": {
							"language": "json"
						}
					}
				},
				"url": {
					"raw": "{{host}}/owners/{{user1_owner_id}}/boats",
					"host": [
						"{{host}}"
					],
					"path": [
						"owners",
						"{{user1_owner_id}}",
						"boats"
					]
				}
			},
			"response": []
		},
		{
			"name": "view user2's public boats",
			"event": [
				{
					"listen": "test",
					"script": {
						"exec": [
							"pm.test(\"200 status code\", function () {",
							"    pm.response.to.have.status(200);",
							"});"
						],
						"type": "text/javascript"
					}
				}
			],
			"protocolProfileBehavior": {
				"disableBodyPruning": true
			},
			"request": {
				"auth": {
					"type": "bearer",
					"bearer": [
						{
							"key": "token",
							"value": "{{user2_id_token}}",
							"type": "string"
						}
					]
				},
				"method": "GET",
				"header": [],
				"body": {
					"mode": "raw",
					"raw": "",
					"options": {
						"raw": {
							"language": "json"
						}
					}
				},
				"url": {
					"raw": "{{host}}/owners/{{user2_owner_id}}/boats",
					"host": [
						"{{host}}"
					],
					"path": [
						"owners",
						"{{user2_owner_id}}",
						"boats"
					]
				}
			},
			"response": []
		},
		{
			"name": "view user1's all boats",
			"event": [
				{
					"listen": "test",
					"script": {
						"exec": [
							"pm.test(\"200 status code\", function () {",
							"    pm.response.to.have.status(200);",
							"});"
						],
						"type": "text/javascript"
					}
				}
			],
			"protocolProfileBehavior": {
				"disableBodyPruning": true
			},
			"request": {
				"method": "GET",
				"header": [],
				"body": {
					"mode": "raw",
					"raw": "",
					"options": {
						"raw": {
							"language": "json"
						}
					}
				},
				"url": {
					"raw": "{{host}}/boats",
					"host": [
						"{{host}}"
					],
					"path": [
						"boats"
					]
				}
			},
			"response": []
		},
		{
			"name": "view user1's all boats (missing JWT)",
			"event": [
				{
					"listen": "test",
					"script": {
						"exec": [
							"pm.test(\"200 status code\", function () {",
							"    pm.response.to.have.status(200);",
							"});"
						],
						"type": "text/javascript"
					}
				}
			],
			"protocolProfileBehavior": {
				"disableBodyPruning": true
			},
			"request": {
				"auth": {
					"type": "noauth"
				},
				"method": "GET",
				"header": [],
				"body": {
					"mode": "raw",
					"raw": "",
					"options": {
						"raw": {
							"language": "json"
						}
					}
				},
				"url": {
					"raw": "{{host}}/boats",
					"host": [
						"{{host}}"
					],
					"path": [
						"boats"
					]
				}
			},
			"response": []
		},
		{
			"name": "view user1's all boats (invalid JWT)",
			"event": [
				{
					"listen": "test",
					"script": {
						"exec": [
							"pm.test(\"200 status code\", function () {",
							"    pm.response.to.have.status(200);",
							"});"
						],
						"type": "text/javascript"
					}
				}
			],
			"protocolProfileBehavior": {
				"disableBodyPruning": true
			},
			"request": {
				"auth": {
					"type": "bearer",
					"bearer": [
						{
							"key": "token",
							"value": "123",
							"type": "string"
						}
					]
				},
				"method": "GET",
				"header": [],
				"body": {
					"mode": "raw",
					"raw": "",
					"options": {
						"raw": {
							"language": "json"
						}
					}
				},
				"url": {
					"raw": "{{host}}/boats",
					"host": [
						"{{host}}"
					],
					"path": [
						"boats"
					]
				}
			},
			"response": []
		},
		{
			"name": "Delete user1's boat (missing JWT)",
			"event": [
				{
					"listen": "test",
					"script": {
						"exec": [
							"pm.test(\"401 status code\", function () {",
							"    pm.response.to.have.status(401);",
							"});"
						],
						"type": "text/javascript"
					}
				}
			],
			"request": {
				"auth": {
					"type": "noauth"
				},
				"method": "DELETE",
				"header": [],
				"body": {
					"mode": "raw",
					"raw": "",
					"options": {
						"raw": {
							"language": "json"
						}
					}
				},
				"url": {
					"raw": "{{host}}/boats/{{user1_boat_id}}",
					"host": [
						"{{host}}"
					],
					"path": [
						"boats",
						"{{user1_boat_id}}"
					]
				}
			},
			"response": []
		},
		{
			"name": "Delete user1's boat (invalid JWT)",
			"event": [
				{
					"listen": "test",
					"script": {
						"exec": [
							"pm.test(\"401 status code\", function () {",
							"    pm.response.to.have.status(401);",
							"});"
						],
						"type": "text/javascript"
					}
				}
			],
			"request": {
				"auth": {
					"type": "bearer",
					"bearer": [
						{
							"key": "token",
							"value": "123",
							"type": "string"
						}
					]
				},
				"method": "DELETE",
				"header": [],
				"body": {
					"mode": "raw",
					"raw": "",
					"options": {
						"raw": {
							"language": "json"
						}
					}
				},
				"url": {
					"raw": "{{host}}/boats/{{user1_boat_id}}",
					"host": [
						"{{host}}"
					],
					"path": [
						"boats",
						"{{user1_boat_id}}"
					]
				}
			},
			"response": []
		},
		{
			"name": "Delete user1's boat  (not existed boat_id)",
			"event": [
				{
					"listen": "test",
					"script": {
						"exec": [
							"pm.test(\"403 status code\", function () {",
							"    pm.response.to.have.status(403);",
							"});"
						],
						"type": "text/javascript"
					}
				}
			],
			"request": {
				"method": "DELETE",
				"header": [],
				"body": {
					"mode": "raw",
					"raw": "",
					"options": {
						"raw": {
							"language": "json"
						}
					}
				},
				"url": {
					"raw": "{{host}}/boats/8877",
					"host": [
						"{{host}}"
					],
					"path": [
						"boats",
						"8877"
					]
				}
			},
			"response": []
		},
		{
			"name": "Delete user1's boat (using user2's JWT)",
			"event": [
				{
					"listen": "test",
					"script": {
						"exec": [
							"pm.test(\"403 status code\", function () {",
							"    pm.response.to.have.status(403);",
							"});"
						],
						"type": "text/javascript"
					}
				}
			],
			"request": {
				"auth": {
					"type": "bearer",
					"bearer": [
						{
							"key": "token",
							"value": "{{user2_id_token}}",
							"type": "string"
						}
					]
				},
				"method": "DELETE",
				"header": [],
				"body": {
					"mode": "raw",
					"raw": "",
					"options": {
						"raw": {
							"language": "json"
						}
					}
				},
				"url": {
					"raw": "{{host}}/boats/{{user1_boat_id}}",
					"host": [
						"{{host}}"
					],
					"path": [
						"boats",
						"{{user1_boat_id}}"
					]
				}
			},
			"response": []
		},
		{
			"name": "Delete user1's boat",
			"event": [
				{
					"listen": "test",
					"script": {
						"exec": [
							"pm.test(\"204 status code\", function () {",
							"    pm.response.to.have.status(204);",
							"});"
						],
						"type": "text/javascript"
					}
				}
			],
			"request": {
				"method": "DELETE",
				"header": [],
				"body": {
					"mode": "raw",
					"raw": "",
					"options": {
						"raw": {
							"language": "json"
						}
					}
				},
				"url": {
					"raw": "{{host}}/boats/{{user1_boat_id}}",
					"host": [
						"{{host}}"
					],
					"path": [
						"boats",
						"{{user1_boat_id}}"
					]
				}
			},
			"response": []
		},
		{
			"name": "Delete user2's boat",
			"event": [
				{
					"listen": "test",
					"script": {
						"exec": [
							"pm.test(\"204 status code\", function () {",
							"    pm.response.to.have.status(204);",
							"});"
						],
						"type": "text/javascript"
					}
				}
			],
			"request": {
				"auth": {
					"type": "bearer",
					"bearer": [
						{
							"key": "token",
							"value": "{{user2_id_token}}",
							"type": "string"
						}
					]
				},
				"method": "DELETE",
				"header": [],
				"body": {
					"mode": "raw",
					"raw": "",
					"options": {
						"raw": {
							"language": "json"
						}
					}
				},
				"url": {
					"raw": "{{host}}/boats/{{user2_boat_id}}",
					"host": [
						"{{host}}"
					],
					"path": [
						"boats",
						"{{user2_boat_id}}"
					]
				}
			},
			"response": []
		}
	],
	"auth": {
		"type": "bearer",
		"bearer": [
			{
				"key": "token",
				"value": "{{user1_id_token}}",
				"type": "string"
			}
		]
	},
	"event": [
		{
			"listen": "prerequest",
			"script": {
				"type": "text/javascript",
				"exec": [
					""
				]
			}
		},
		{
			"listen": "test",
			"script": {
				"type": "text/javascript",
				"exec": [
					""
				]
			}
		}
	]
}