{
	"id": "70c8cec5-e547-4811-b442-fa6a60b1cdf7",
	"name": "hw7-linxinw",
	"values": [
		{
			"key": "host",
			"value": "https://assignment7-313407.ue.r.appspot.com",
			"enabled": true
		},
		{
			"key": "user1_id_token",
			"value": "",
			"enabled": true
		},
		{
			"key": "user2_id_token",
			"value": "",
			"enabled": true
		},
		{
			"key": "user1_owner_id",
			"value": "",
			"enabled": true
		},
		{
			"key": "user1_boat_id",
			"value": "",
			"enabled": true
		},
		{
			"key": "user2_owner_id",
			"value": "",
			"enabled": true
		},
		{
			"key": "user2_boat_id",
			"value": "",
			"enabled": true
		}
	],
	"_postman_variable_scope": "environment",
	"_postman_exported_at": "2021-05-11T16:26:03.992Z",
	"_postman_exported_using": "Postman/8.3.1"
}